smiles,smiles,ratio,temperature,value
[Cl-].C[N+](C)(C)CCO,OC(=O)C(O)(c1ccccc1)c2ccccc2,1:1,353.15,46.90
[Br-].CCC[N+](CCC)(CCC)CCC,OCCO,1:4,333.15,44.01
[Cl-].CCCC[N+](CCCC)(CCCC)CCCC,N[C@@H](CCCNC(N)=N)C(O)=O,8:1,333.15,38.10
NCCCN,OCCCCO,1:7.40,308.15,44.71
CC(C)(C)NCCO.Cl,OCCO,1:3,313.15,46.04
[Br-].C[P+](c1ccccc1)(c2ccccc2)c3ccccc3,NCCO,1:6,338.15,45.90
CC(C)C1CCC(C)CC1O,CCCCCCCC(O)=O,2:1,314.26,19.94
[Cl-].C[N+](C)(C)CCO,OCCOCCOCCOCCOCCO,1:7,333.00,47.90
[Br-].C=CC[P+](c1ccccc1)(c2ccccc2)c3ccccc3,OCCOCCOCCO,1:16,313.15,43.55
[Cl-].C(c1ccccc1)[P+](c2ccccc2)(c3ccccc3)c4ccccc4,OCCOCCO,1:7,343.00,38.58
[Cl-].[Cl-].[Zn++],OCCCCCCO,1:3,297.02,49.44
CC(C)(C)NCCO.Cl,OCC(O)CO,1:2,298.15,58.94
CC(C)(C)NCCO.Cl,OCCOCCO,1:3,313.00,60.52
[Br-].C[P+](c1ccccc1)(c2ccccc2)c3ccccc3,OCCOCCO,1:4,313.00,58.11
[Cl-].C[N+](C)(C)CCO,OCCOCCO,1:2,293.00,48.40
NCCCN,OCCCCO,1:2.47,303.15,45.45
[Br-].CCC[N+](CCC)(CCC)CCC,OCCO,1:3,353.15,41.91
[Br-].CCC[N+](CCC)(CCC)CCC,OCCO,1:3,323.15,44.39
[Cl-].CCCC[N+](CCCC)(CCCC)CCCC,N[C@@H](CCC(O)=O)C(O)=O,8:1,343.15,37.20
[Cl-].C[N+](C)(C)CCO,OC[C@@H](O)[C@@H](O)[C@H](O)[C@@H](O)C=O,1:2,328.15,69.95
[Cl-].C[N+](C)(C)CCO,OCC(O)CO,1:4,318.00,55.20
NCCCN,OCCCCO,1:0.27,318.15,41.29
[Cl-].C[N+](C)(C)CCO,OC[C@@H](O)[C@@H](O)[C@H](O)C(=O)CO,2.5:1,328.15,69.00
OCCOCCOCCOCCOCCO,NC(N)=S,4:1,338.00,41.79
[Br-].CCC[N+](CCC)(CCC)CCC,OCCO,1:5,343.15,43.40
CC(C)(C)NCCO.Cl,OCC(O)CO,1:4,318.15,56.96
O=C1CCC[C@@H]2[C@H]3CCCN4CCC[C@@H](CN12)[C@@H]34,COc1ccc(C(C)=O)c(O)c1,5:5,338.15,40.21
[Cl-].C[N+](C)(C)CCO,OCC(O)CO,1:3,303.00,49.90
NCCCN,OCCCCO,1:0.04,313.15,39.58
[Cl-].C[N+](C)(C)CCO,OC(=O)CC(O)=O,1:1,425.15,52.30
[Cl-].C[N+](C)(C)CCO,OCCOCCOCCOCCOCCO,1:4,323.00,45.96
[Br-].C=CC[P+](c1ccccc1)(c2ccccc2)c3ccccc3,OCCOCCO,1:4,303.15,46.88
[Cl-].C[N+](C)(C)CCO,OCCO,1:19,291.00,45.80
[Br-].C[P+](c1ccccc1)(c2ccccc2)c3ccccc3,NCCO,1:5,318.15,47.20
NCCCN,OCCCCO,1:4.65,313.15,44.56
[Br-].C[P+](c1ccccc1)(c2ccccc2)c3ccccc3,OCCO,1:4,298.15,51.29
[Cl-].C[N+](C)(C)CCO,OCCOCCO,1:2,343.00,36.47
[Cl-].C[N+](C)(C)CCO,OC[C@@H](O)[C@@H](O)[C@H](O)C(=O)CO,2.5:1,348.15,65.00
[Cl-].C[N+](C)(C)CCO,OCCOCCOCCOCCOCCOCCOCCOCCOCCOCCO,1:4,328.00,43.66
[Br-].CCC[N+](CCC)(CCC)CCC,OCC(O)CO,1:2,323.15,48.67
[Br-].C[P+](c1ccccc1)(c2ccccc2)c3ccccc3,NCCO,1:8,338.15,46.90
[Cl-].C[N+](C)(C)CCO,OCC(O)CO,1:19,308.00,61.30
NCCCN,OCCCCO,1:0.27,313.15,41.77
[Cl-].C[N+](C)(C)CCO,CC(O)CCO,1:5.67,295.00,38.90
[Br-].CCCC[N+](CCCC)(CCCC)CCCC,NCCO,1:5,358.15,33.90
NCCCN,OCCCCO,1:0.15,303.15,41.48
CC(C)C1CCC(C)CC1O,CCCCCCCC(O)=O,1:1,332.97,19.47
[Cl-].C[N+](C)(C)CCO,OCCOCCOCCOCCOCCOCCOCCOCCOCCOCCO,1:4,338.00,43.12
[Br-].CCC[N+](CCC)(CCC)CCC,OCC(O)CO,1:4,343.15,49.76
[Cl-].C[N+](C)(C)CCO,OCCCCO,1:19,299.00,46.00
CC(C)(C)NCCO.Cl,OCCO,1:3,323.15,44.99
[Cl-].C[N+](C)(C)CCO,OC[C@@H](O)[C@@H](O)[C@H](O)C(=O)CO,1.5:1,348.15,63.00
[Cl-].C[N+](C)(C)CCO,OC[C@@H](O)[C@@H](O)[C@H](O)C(=O)CO,1:1,298.15,70.40
[Cl-].C[N+](C)(C)CCO,OCCCCCCO,1:3,319.00,43.50
[Cl-].C[N+](C)(C)CCO,OC[C@@H](O)[C@@H](O)[C@H](O)C(=O)CO,1.5:1,298.15,73.60
[Cl-].C[N+](C)(C)CCO,OCCOCCOCCOCCOCCO,1:6,343.00,48.61
[Cl-].C[N+](C)(C)CCO,OCCCCO,1:3,301.00,47.30
[Br-].C=CC[P+](c1ccccc1)(c2ccccc2)c3ccccc3,OCCOCCO,1:10,343.15,40.86
[Cl-].C[N+](C)(C)CCO,CC(O)CCO,1:19,293.00,34.40
[Cl-].CCCC[N+](CCCC)(CCCC)CCCC,N[C@@H](CCCNC(N)=N)C(O)=O,6:1,353.15,37.40
[Cl-].C[N+](C)(C)CCO,CC(O)C(C)O,1:9,295.00,34.30
[Cl-].C[N+](C)(C)CCO,OCCO,1:5.67,293.00,49.60
[Cl-].C[N+](C)(C)CCO,OC[C@@H](O)[C@@H](O)[C@H](O)[C@@H](O)C=O,1:2,358.15,68.61
[Br-].CCC[N+](CCC)(CCC)CCC,OCCOCCOCCO,1:4,303.15,45.96
[Cl-].C[N+](C)(C)CCO,CC(O)C(C)O,1:19,303.00,33.20
[Cl-].C(c1ccccc1)[P+](c2ccccc2)(c3ccccc3)c4ccccc4,OCCO,1:11,298.15,66.93
[Cl-].C[N+](C)(C)CCO,OCCO,1:3,293.00,48.30
[Cl-].C[N+](C)(C)CCO,OCC(O)CO,1:3,298.00,50.30
[Br-].C[P+](c1ccccc1)(c2ccccc2)c3ccccc3,NCCO,1:8,348.15,46.20
CC(C)C1CCC(C)CC1O,CCCCCCCC(O)=O,2:1,298.24,20.94
[Cl-].C[N+](C)(C)CCO,CC(O)C(C)O,1:4,299.00,34.70
[Cl-].C[N+](C)(C)CCO,OCC(O)CO,1:2,313.00,54.20
C[N+](C)(C)CC([O-])=O,CC(O)C(O)=O,1:2,303.15,46.00
[Cl-].C[N+](C)(C)CCO,CCC(O)CO,1:4,293.00,34.70
[Br-].C[P+](c1ccccc1)(c2ccccc2)c3ccccc3,OCCO,1:4,308.15,50.15
CC(C)C1CCC(C)CC1O,CCCCCCCC(O)=O,1:1,328.35,20.44
[Br-].CCCC[N+](CCCC)(CCCC)CCCC,OCCOCCO,1:2,313.00,49.64
[Cl-].C[N+](C)(C)CCO,CC(O)CCO,1:9,303.00,36.90
[Br-].CCCC[N+](CCCC)(CCCC)CCCC,NCCO,1:4,328.15,34.60
NCCCN,OCCCCO,1:0.82,303.15,44.83
NCCCN,OCCCCO,1:7.40,298.15,45.35
[Cl-].C[N+](C)(C)CCO,OCCO,1:9,289.00,47.80
[Br-].CCC[N+](CCC)(CCC)CCC,OCCOCCOCCO,1:3,323.15,44.28
[Br-].CC[N+](CC)(CC)CC,CCCC[NH3+],1:1,343.15,50.43
CC(C)C1CCC(C)CC1O,CCCCCCCC(O)=O,1:3,333.38,19.41
[Cl-].C[N+](C)(C)CCO,OCC(O)CO,1:2.33,323.00,46.00
[Cl-].C[N+](C)(C)CCO,OC[C@@H](O)[C@@H](O)[C@H](O)C(=O)CO,2.5:1,318.15,71.00
[Cl-].C[N+](C)(C)CCO,OCC(O)CO,1:9,293.00,61.60
[Cl-].C[N+](C)(C)CCO,OCCOCCOCCOCCOCCO,1:4,303.00,52.43
[Br-].C[P+](c1ccccc1)(c2ccccc2)c3ccccc3,OCCOCCO,1:4,333.00,46.08
[Cl-].C[N+](C)(C)CCO,NCCO,1:7,308.15,48.50
CC(C)C1CCC(C)CC1O,CCCCCCCC(O)=O,1:3,303.85,22.25
[Cl-].[Cl-].[Zn++],OCCCCCCO,1:3,299.02,47.52
[Cl-].C[N+](C)(C)CCO,OCCO,1:3,287.00,49.20
[Cl-].C[N+](C)(C)CCO,CC(O)CCO,1:5.67,305.00,38.00
[Cl-].[Cl-].[Zn++],CC(N)=O,1:4,293.02,53.00
CCCC[N+](CCCC)(CCCC)CCCC.O[S]([O-])(=O)=O,OC(=O)COCC(O)=O,1:1,343.15,42.82
[Cl-].C[N+](C)(C)CCO,CC(O)CCO,1:9,293.00,38.20
[Br-].CC[N+](CC)(CC)CC,CCCC[NH3+],1:1,343.15,44.42
[Cl-].C[N+](C)(C)CCO,OCCCCCCO,1:3,331.50,42.70
CCCC[N+](CCCC)(CCCC)CCCC.O[S]([O-])(=O)=O,OC(=O)COCC(O)=O,1:1,313.15,43.64
[Br-].C[P+](c1ccccc1)(c2ccccc2)c3ccccc3,OCC(O)CO,1:3,323.15,56.45
[Br-].CCC[N+](CCC)(CCC)CCC,OCC(O)CO,1:2,303.15,50.87
[Br-].C=CC[P+](c1ccccc1)(c2ccccc2)c3ccccc3,OCCOCCOCCO,1:10,338.15,41.11
[Cl-].C[N+](C)(C)CCO,OCC(O)CO,1:2,298.00,55.40
CC(C)(C)NCCO.Cl,OCCO,1:2,308.15,50.17
CCCC[N+](CCCC)(CCCC)CCCC.O[S]([O-])(=O)=O,OC(=O)COCC(O)=O,1:1,303.15,43.89
[Cl-].C[N+](C)(C)CCO,CC(O)C(C)O,1:5.67,293.00,35.10
[Cl-].C[N+](C)(C)CCO,OCCCCO,1:19,311.00,45.30
OCCOCCOCCOCCOCCO,CC(O)C(O)=O,4:1,308.00,44.33
[Cl-].C[N+](C)(C)CCO,OCCO,1:5.67,285.00,50.40
CC(C)c1ccc(C)cc1O,CCCCCCCC(O)=O,1:1,298.15,29.09
NCCCN,OCCCCO,1:0.67,318.15,43.35
NCCCN,OCCCCO,1:1.92,298.15,46.26
[Cl-].C[N+](C)(C)CCO,CCC(O)CO,1:19,297.00,32.50
NCCCN,OCCCCO,1:1.92,293.15,46.79
[Br-].CCC[N+](CCC)(CCC)CCC,OCCOCCOCCO,1:3,343.15,42.87
NCCCN,OCCCCO,1:3.29,293.15,46.48
[Cl-].C[N+](C)(C)CCO,OCCOCCOCCOCCOCCO,1:5,313.00,45.74
[Br-].C=CC[P+](c1ccccc1)(c2ccccc2)c3ccccc3,OCCOCCO,1:4,323.15,46.82
[Br-].CCCC[N+](CCCC)(CCCC)CCCC,NCCO,1:4,318.15,35.00
[Cl-].C[N+](C)(C)CCO,CC(O)C(C)O,1:4,297.00,34.90
[Cl-].C[N+](C)(C)CCO,CCC(O)CO,1:19,303.00,31.90
[Cl-].C[N+](C)(C)CCO,OCCO,1:5.67,277.00,51.40
[Cl-].C[N+](C)(C)CCO,OCCCCO,1:3,303.00,47.30
[Cl-].C[N+](C)(C)CCO,OCCCCCCO,1:19,326.50,41.30
[Cl-].C[N+](C)(C)CCO,OCCCCO,1:3,307.00,47.10
NCCCN,OCCCCO,1:0.55,293.15,45.26
OCCOCCOCCOCCOCCO,CNC(C)=O,1:2,338.00,38.02
[Cl-].C[N+](C)(C)CCO,CC(O)CCO,1:19,299.00,33.90
[Br-].CCC[N+](CCC)(CCC)CCC,OCCOCCOCCO,1:2.5,333.15,43.86
[Cl-].CCCC[N+](CCCC)(CCCC)CCCC,N[C@@H](CCC(O)=O)C(O)=O,9:1,313.15,33.60
[Br-].CCCC[N+](CCCC)(CCCC)CCCC,NCCO,1:6,358.15,34.10
[Cl-].C[N+](C)(C)CCO,CCC(O)CO,1:19,299.00,32.30
CC(C)(C)NCCO.Cl,OCCOCCO,1:3,293.00,64.95
[Cl-].C[N+](C)(C)CCO,OCCCCCCO,1:5.67,319.00,42.60
[Cl-].C[N+](C)(C)CCO,OC[C@@H](O)[C@@H](O)[C@H](O)C(=O)CO,1:1,338.15,62.60
CC(C)C1CCC(C)CC1O,CCCCCCCC(O)=O,3:1,298.20,23.77
[Br-].C=CC[P+](c1ccccc1)(c2ccccc2)c3ccccc3,OCCOCCOCCO,1:16,323.15,44.99
O=C1CCC[C@@H]2[C@H]3CCCN4CCC[C@@H](CN12)[C@@H]34,COc1ccc(C(C)=O)c(O)c1,3:7,328.15,39.44
[Br-].C[P+](c1ccccc1)(c2ccccc2)c3ccccc3,NCCO,1:8,298.15,50.30
[Cl-].[Cl-].[Zn++],NC(N)=O,1:3.5,303.02,68.80
[Br-].C[P+](c1ccccc1)(c2ccccc2)c3ccccc3,NCCO,1:7,318.15,48.20
[Cl-].C[N+](C)(C)CCO,CC(O)C(O)=O,1:2,303.30,47.60
[Br-].C=CC[P+](c1ccccc1)(c2ccccc2)c3ccccc3,OCCOCCOCCO,1:16,298.15,45.37
[Br-].C[P+](c1ccccc1)(c2ccccc2)c3ccccc3,NCCO,1:6,308.15,48.40
[Br-].C[P+](c1ccccc1)(c2ccccc2)c3ccccc3,CN(CCO)CCO,1:16,333.15,40.15
[Cl-].C[N+](C)(C)CCO,CC(O)C(C)O,1:5.67,301.00,34.20
[Cl-].C[N+](C)(C)CCO,CCC(O)CO,1:5.67,299.00,33.40
NCCCN,OCCCCO,1:0.09,318.15,39.70
NCCCN,OCCCCO,1:1.23,293.15,46.47
[Br-].CCC[N+](CCC)(CCC)CCC,OCC(O)CO,1:4,353.15,48.87
[Br-].CCCC[N+](CCCC)(CCCC)CCCC,NCCO,1:3,328.15,34.50
[Br-].CCC(O)=O,OCC(O)CO,1:2,298.15,51.70
CC(C)(C)NCCO.Cl,OCCO,1:3,298.15,47.51
[Cl-].C[N+](C)(C)CCO,NCCO,1:6,358.15,45.0869
[Cl-].C[N+](C)(C)CCO,OCCOCCOCCOCCOCCO,1:7,343.00,47.46
[Br-].CCC[N+](CCC)(CCC)CCC,OCC(O)CO,1:2,333.15,47.89
[Cl-].C[N+](C)(C)CCO,CC(O)C(C)O,1:9,299.00,33.90
[Cl-].C[N+](C)(C)CCO,CC(O)C(C)O,1:9,309.00,32.80
CC(C)(C)NCCO.Cl,OCCO,1:2,313.15,49.63
CC(C)C1CCC(C)CC1O,CCCCCCCC(O)=O,1:3,298.16,23.32
[Cl-].C[N+](C)(C)CCO,OCCO,1:3,281.00,50.00
[Br-].C[P+](c1ccccc1)(c2ccccc2)c3ccccc3,OCCOCCO,1:4,323.00,51.67
[Br-].CCC[N+](CCC)(CCC)CCC,OCCO,1:5,323.15,45.09
CC(C)C1CCC(C)CC1O,CCCCCCCC(O)=O,1:1,313.35,23.58
[Cl-].C[N+](C)(C)CCO,OC(=O)COCC(O)=O,1:1,323.15,63.00
NCCCN,OCCCCO,1:0.21,308.15,41.51
[Cl-].C[N+](C)(C)CCO,OCCO,1:4,293.00,49.00
[Cl-].C[N+](C)(C)CCO,NC(=O)C(F)(F)F,1:2,313.15,35.90
[Cl-].C[N+](C)(C)CCO,NCCO,1:8,308.15,48.80
[Cl-].C[N+](C)(C)CCO,OC[C@@H](O)[C@@H](O)[C@H](O)C(=O)CO,2:1,308.15,72.00
[Cl-].C[N+](C)(C)CCO,OCCCCCCO,1:3,334.50,42.70
[Cl-].C[N+](C)(C)CCO,CC(O)CCO,1:19,301.00,33.70
[Cl-].C[N+](C)(C)CCO,OCCCCO,1:9,309.00,46.00
NCCCN,OCCCCO,1:0.44,298.15,44.23
[Cl-].C[N+](C)(C)CCO,OCCOCCOCCOCCOCCO,1:7,303.00,50.99
[Cl-].C[N+](C)(C)CCO,CC(O)C(C)O,1:5.67,307.00,33.50
CC(C)C1CCC(C)CC1O,CC1(C)C2CCC1(C)C(=O)C2,3:2,298.15,29.41
[Br-].C[P+](c1ccccc1)(c2ccccc2)c3ccccc3,OCCO,1:2,318.15,45.59
CC(C)C1CCC(C)CC1O,CCCCCCCC(O)=O,1:2,303.69,24.84
[Br-].CCC[N+](CCC)(CCC)CCC,OCCO,1:3,333.15,43.59
NCCCN,OCCCCO,1:2.47,298.15,46.14
[Cl-].C[N+](C)(C)CCO,CCC(O)CO,1:19,309.00,31.30
[Br-].CCC[N+](CCC)(CCC)CCC,OCCOCCOCCO,1:4,323.15,43.96
[Cl-].C[N+](C)(C)CCO,OCCCCO,1:19,305.00,45.70
[Cl-].C[N+](C)(C)CCO,OCCCCCCO,1:19,319.00,42.10
[Cl-].C[N+](C)(C)CCO,OCC(O)CO,1:19,293.00,63.70
[Cl-].C[N+](C)(C)CCO,OC(=O)COCC(O)=O,1:1,343.15,58.30
[Cl-].C[N+](C)(C)CCO,OCCO,1:2,277.00,50.00
[Cl-].C[N+](C)(C)CCO,OCCCCO,1:9,307.00,46.10
[Cl-].C[N+](C)(C)CCO,OCCO,1:2,293.00,47.70
NCCCN,OCCCCO,1:0.27,303.15,42.51
[Cl-].C[N+](C)(C)CCO,OCCCCO,1:9,305.00,46.20
CC(C)(C)NCCO.Cl,OCC(O)CO,1:2,308.15,57.63
[Cl-].C[N+](C)(C)CCO,OCCO,1:2,289.00,48.30
[Cl-].C[N+](C)(C)CCO,OCCO,1:5.67,291.00,49.70
[Br-].CCCC[N+](CCCC)(CCCC)CCCC,OC=O,1:1,298.15,37.20
[Br-].C=CC[P+](c1ccccc1)(c2ccccc2)c3ccccc3,OCCOCCOCCO,1:16,328.15,41.82
[Cl-].C[N+](C)(C)CCO,OCC(O)CO,1:19,298.00,62.80
NCCCN,OCCCCO,1:0.55,303.15,44.02
[Br-].CCC[N+](CCC)(CCC)CCC,OCC(O)CO,1:2,343.15,46.65
[Cl-].C[N+](C)(C)CCO,OCC(O)CO,1:4,308.00,56.10
NCCCN,OCCCCO,1:7.40,293.15,45.86
[Cl-].C[N+](C)(C)CCO,OC(=O)C(O)=O,1:2,298.15,75.30
[Br-].C[P+](c1ccccc1)(c2ccccc2)c3ccccc3,CN(CCO)CCO,1:7,353.15,40.87
[Cl-].C[N+](C)(C)CCO,OC[C@@H](O)[C@@H](O)[C@H](O)C(=O)CO,2:1,348.15,64.00
NCCCN,OCCCCO,1:4.65,318.15,44.40
[Cl-].C[N+](C)(C)CCO,OC[C@@H](O)[C@@H](O)[C@H](O)C(=O)CO,2.5:1,298.15,75.00
O=C1CCC[C@@H]2[C@H]3CCCN4CCC[C@@H](CN12)[C@@H]34,COc1ccc(C(C)=O)c(O)c1,4:6,308.15,42.65
[Br-].C[P+](c1ccccc1)(c2ccccc2)c3ccccc3,NCCO,1:8,308.15,49.50
[Br-].C[P+](c1ccccc1)(c2ccccc2)c3ccccc3,NCCO,1:7,348.15,45.30
[Cl-].C[N+](C)(C)CCO,OCCO,1:6,298.15,46.90
O=C1CCC[C@@H]2[C@H]3CCCN4CCC[C@@H](CN12)[C@@H]34,COc1ccc(C(C)=O)c(O)c1,5:5,328.15,41.01
[Cl-].CCCC[N+](CCCC)(CCCC)CCCC,N[C@@H](CCC(O)=O)C(O)=O,10:1,323.15,36.50
[Br-].C[P+](c1ccccc1)(c2ccccc2)c3ccccc3,OCCOCCO,1:4,303.00,61.29
[Cl-].C[N+](C)(C)CCO,CC(O)C(C)O,1:5.67,303.00,34.00
O=C1CCC[C@@H]2[C@H]3CCCN4CCC[C@@H](CN12)[C@@H]34,COc1ccc(C(C)=O)c(O)c1,3:7,338.15,38.38
[Br-].C[P+](c1ccccc1)(c2ccccc2)c3ccccc3,NCCO,1:7,358.15,44.40
[Br-].CC[N+](CC)(CC)CC,CCCC[NH3+],1:1,333.15,46.60
[Br-].C[P+](c1ccccc1)(c2ccccc2)c3ccccc3,NCCO,1:5,358.15,44.00
[Cl-].C[N+](C)(C)CCO,OCC(O)CO,1:2.33,308.00,47.10
[Cl-].C[N+](C)(C)CCO,CC(O)CCO,1:5.67,301.00,38.30
[Cl-].C[N+](C)(C)CCO,OC(=O)Cc1ccccc1,2:1,298.15,41.86
[Cl-].CCCC[N+](CCCC)(CCCC)CCCC,N[C@@H](CC(O)=O)C(O)=O,11:1,353.15,35.20
[Cl-].C[N+](C)(C)CCO,OCCO,1:2.33,283.00,48.70
[Cl-].CCCC[N+](CCCC)(CCCC)CCCC,N[C@@H](CCCNC(N)=N)C(O)=O,8:1,343.15,37.10
[Cl-].C[N+](C)(C)CCO,OC[C@@H](O)[C@@H](O)[C@H](O)C(=O)CO,2:1,328.15,68.00
NCCCN,OCCCCO,1:2.47,313.15,44.86
NCCCN,OCCCCO,1:0.04,318.15,38.98
[Cl-].C[N+](C)(C)CCO,OCCO,1:4,281.00,50.00
[Cl-].C[N+](C)(C)CCO,OCCOCCOCCOCCOCCO,1:5,343.00,36.96
CC(C)C1CCC(C)CC1O,CCCCCCCC(O)=O,1:2,332.78,21.79
[Cl-].C[N+](C)(C)CCO,OCCO,1:9,279.00,49.30
[Br-].C[P+](c1ccccc1)(c2ccccc2)c3ccccc3,CN(CCO)CCO,1:7,343.15,41.31
[Cl-].[Cl-].[Zn++],CC(N)=O,1:4,300.99,51.02
[Cl-].C[N+](C)(C)CCO,CC(O)C(C)O,1:9,293.00,34.50
[Cl-].C(c1ccccc1)[P+](c2ccccc2)(c3ccccc3)c4ccccc4,OCCOCCO,1:7,313.00,61.01
CC(C)C1CCC(C)CC1O,CCCCCCCC(O)=O,3:1,332.70,19.65
OCCOCCOCCOCCOCCO,NC(N)=S,4:1,328.00,42.69
NCCCN,OCCCCO,1:7.40,303.15,44.77
[Cl-].CCCC[N+](CCCC)(CCCC)CCCC,N[C@@H](CCC(O)=O)C(O)=O,8:1,313.15,39.10
[Br-].C[P+](c1ccccc1)(c2ccccc2)c3ccccc3,NCCO,1:8,358.15,45.30
[Cl-].C[N+](C)(C)CCO,OCC(O)CO,1:5.67,298.00,60.20
[Cl-].C[N+](C)(C)CCO,CC(O)C(O)=O,1:2,308.30,47.30
[Cl-].[Cl-].[Zn++],OCCO,1:4,298.01,56.56
CC(C)C1CCC(C)CC1O,CCCCCCCC(O)=O,3:1,328.11,20.22
[Cl-].[Cl-].[Zn++],CC(N)=O,1:4,298.01,51.60
[Br-].C[P+](c1ccccc1)(c2ccccc2)c3ccccc3,NCCO,1:6,348.15,44.90
[Cl-].C[N+](C)(C)CCO,OCCCCO,1:3,309.00,47.10
[Br-].CCC[N+](CCC)(CCC)CCC,OCCOCCOCCO,1:2.5,353.15,42.07
[Cl-].C[N+](C)(C)CCO,OCC(O)CO,1:19,313.00,60.50
[Cl-].CCCC[N+](CCCC)(CCCC)CCCC,N[C@@H](CCC(O)=O)C(O)=O,10:1,333.15,35.20
NCCCN,OCCCCO,1:0.67,303.15,44.45
[Cl-].CCCC[N+](CCCC)(CCCC)CCCC,N[C@@H](CCCNC(N)=N)C(O)=O,8:1,313.15,39.70
CC(C)(C)NCCO.Cl,OCC(O)CO,1:4,313.15,57.58
O=C1CCC[C@@H]2[C@H]3CCCN4CCC[C@@H](CN12)[C@@H]34,COc1ccc(C(C)=O)c(O)c1,3:7,303.15,42.14
[Cl-].[Cl-].[Zn++],OCCO,1:4,305.98,53.59
NCCCN,OCCCCO,1:3.29,313.15,44.71
[Cl-].C[N+](C)(C)CCO,OCCCCCCO,1:4,334.50,42.30
NCCCN,OCCCCO,1:0.27,308.15,42.12
[Br-].C=CC[P+](c1ccccc1)(c2ccccc2)c3ccccc3,OCCOCCO,1:10,328.15,42.71
[Cl-].C[N+](C)(C)CCO,OCCCCO,1:19,307.00,45.60
[Br-].CCCC[N+](CCCC)(CCCC)CCCC,CC(O)=O,1:1,298.15,345.50
NCCCN,OCCCCO,1:0.35,293.15,44.12
[Cl-].C[N+](C)(C)CCO,OC(=O)COCC(O)=O,1:1,313.15,65.18
[Cl-].C[N+](C)(C)CCO,OCC(O)CO,1:2.33,303.00,47.50
[Cl-].C[N+](C)(C)CCO,OCCOCCOCCOCCOCCO,1:6,298.00,52.26
[Cl-].C[N+](C)(C)CCO,OCCCCO,1:3,297.00,47.40
[Cl-].C[N+](C)(C)CCO,OCCCCCCO,1:19,334.50,41.00
[Cl-].[Cl-].[Zn++],NC(N)=O,1:3.5,296.01,73.12
[Br-].CCCC[N+](CCCC)(CCCC)CCCC,NCCO,1:3,298.15,35.70
[Cl-].C[N+](C)(C)CCO,CC(O)CCO,1:4,297.00,39.60
[Br-].CCCC[N+](CCCC)(CCCC)CCCC,NCCO,1:6,308.15,35.70
[Cl-].C[N+](C)(C)CCO,OCCO,1:2.33,285.00,48.40
[Cl-].CCCC[N+](CCCC)(CCCC)CCCC,N[C@@H](CCC(O)=O)C(O)=O,10:1,313.15,37.60
[Cl-].C[N+](C)(C)CCO,OC(=O)COCC(O)=O,1:1,333.15,60.73
[Br-].C=CC[P+](c1ccccc1)(c2ccccc2)c3ccccc3,OCCOCCOCCO,1:10,318.15,43.66
[Cl-].C[N+](C)(C)CCO,OCCOCCOCCOCCOCCO,1:6,333.00,49.66
[Br-].C=CC[P+](c1ccccc1)(c2ccccc2)c3ccccc3,OCCOCCOCCO,1:16,338.15,43.00
[Cl-].C[N+](C)(C)CCO,OCCO,1:9,277.00,49.50
[Cl-].C[N+](C)(C)CCO,OCCCCCCO,1:9,326.50,41.70
[Cl-].C[N+](C)(C)CCO,OCCCCCCO,1:3,321.50,43.40
[Br-].CCCC[N+](CCCC)(CCCC)CCCC,OCCOCCO,1:2,303.00,51.77
[Cl-].C[N+](C)(C)CCO,CC(O)C(C)O,1:19,295.00,34.00
CC(C)(C)NCCO.Cl,OCC(O)CO,1:2,318.15,56.39
OCCOCCOCCOCCOCCO,CNC(C)=O,1:2,328.00,38.65
[Br-].CCC[N+](CCC)(CCC)CCC,OCCOCCOCCO,1:4,313.15,44.66
NCCCN,OCCCCO,1:1.53,293.15,46.75
[Cl-].CCCC[N+](CCCC)(CCCC)CCCC,N[C@@H](CCCNC(N)=N)C(O)=O,6:1,343.15,38.10
[Cl-].C[N+](C)(C)CCO,OC[C@@H](O)[C@@H](O)[C@H](O)C(=O)CO,2:1,358.15,62.00
CC(C)c1ccc(C)cc1O,CC1(C)C2CCC1(C)C(O)C2,7:3,298.15,31.75
[Cl-].C[N+](C)(C)CCO,NCCO,1:6,308.15,47.9073
[Cl-].C[N+](C)(C)CCO,CC(O)CCO,1:9,305.00,36.50
[Br-].C=CC[P+](c1ccccc1)(c2ccccc2)c3ccccc3,OCCOCCOCCO,1:16,318.15,42.91
[Cl-].[Cl-].[Zn++],OCCO,1:4,295.02,57.14
[Cl-].C[N+](C)(C)CCO,NCCO,1:7,348.15,45.80
[Cl-].C[N+](C)(C)CCO,OCCCCO,1:5.67,299.00,46.70
O=C1CCC[C@@H]2[C@H]3CCCN4CCC[C@@H](CN12)[C@@H]34,COc1ccc(C(C)=O)c(O)c1,4:6,338.15,39.30
[Cl-].C[N+](C)(C)CCO,OCC(O)CO,1:4,313.00,55.70
[Cl-].C[N+](C)(C)CCO,CCC(O)CO,1:4,301.00,34.10
O=C1CCC[C@@H]2[C@H]3CCCN4CCC[C@@H](CN12)[C@@H]34,COc1ccc(C(C)=O)c(O)c1,5:5,318.15,41.92
[Cl-].C[N+](C)(C)CCO,CC(O)CCO,1:9,301.00,37.50
O=C1CCC[C@@H]2[C@H]3CCCN4CCC[C@@H](CN12)[C@@H]34,COc1ccc(C(C)=O)c(O)c1,5:5,333.15,40.63
[Cl-].C[N+](C)(C)CCO,OC[C@@H](O)[C@@H](O)[C@H](O)C(=O)CO,1.5:1,328.15,67.30
[Br-].CCC[N+](CCC)(CCC)CCC,OCCO,1:5,333.15,44.30
[Cl-].C[N+](C)(C)CCO,OCCO,1:4,287.00,49.40
NCCCN,OCCCCO,1:1.53,298.15,46.21
NCCCN,OCCCCO,1:0.55,313.15,43.20
[Cl-].C[N+](C)(C)CCO,CC(=O)CCC(O)=O,1:2,298.15,39.35
[Cl-].C[N+](C)(C)CCO,OCCCCO,1:19,293.00,46.40
[Br-].CC[N+](CC)(CC)CC,CCCC[NH3+],1:1,348.15,49.34
[Cl-].C[N+](C)(C)CCO,OCCO,1:4,283.00,49.80
CC(C)(C)NCCO.Cl,OCC(O)CO,1:2,313.15,56.99
NCCCN,OCCCCO,1:1,293.15,46.13
NCCCN,OCCCCO,1:0.21,303.15,41.94
[Br-].C=CC[P+](c1ccccc1)(c2ccccc2)c3ccccc3,OCCOCCOCCO,1:10,308.15,45.01
[Br-].C[P+](c1ccccc1)(c2ccccc2)c3ccccc3,OCCO,1:2,308.15,46.57
[Cl-].C[N+](C)(C)CCO,OCCCCO,1:9,301.00,46.30
NCCCN,OCCCCO,1:0.04,303.15,40.74
[Cl-].CCCC[N+](CCCC)(CCCC)CCCC,N[C@@H](CCCNC(N)=N)C(O)=O,8:1,353.15,36.40
[Cl-].C[N+](C)(C)CCO,OCCOCCOCCOCCOCCO,1:4,353.00,43.75
[Cl-].C[N+](C)(C)CCO,OCCO,1:9,281.00,48.90
[Cl-].C[N+](C)(C)CCO,OCC(O)CO,1:4,323.00,54.80
[Cl-].C[N+](C)(C)CCO,OC[C@@H](O)[C@@H](O)[C@H](O)[C@@H](O)C=O,2:1,318.15,70.00
C[N+](C)(C)CC([O-])=O,CC(O)C(O)=O,1:2,323.15,44.50
[Cl-].C[N+](C)(C)CCO,OCC(O)CO,1:5.67,303.00,59.70
[Cl-].C[N+](C)(C)CCO,OCCCCCCO,1:3,326.50,43.10
CC(C)C1CCC(C)CC1O,CC1(C)C2CCC1(C)C(O)C2,7:3,298.15,28.10
[Br-].C[P+](c1ccccc1)(c2ccccc2)c3ccccc3,OCCO,1:4,318.15,49.18
[Cl-].C[N+](C)(C)CCO,OCCCCCCO,1:19,321.50,41.90
[Cl-].C[N+](C)(C)CCO,OCCCCCCO,1:4,316.50,43.20
[Cl-].C[N+](C)(C)CCO,OCC(O)CO,1:19,328.00,58.70
[Br-].CCCC[N+](CCCC)(CCCC)CCCC,NCCO,1:6,318.15,35.40
[Cl-].C[N+](C)(C)CCO,CC(O)CCO,1:5.67,297.00,38.60
CC(C)C1CCC(C)CC1O,CCCCCCCC(O)=O,1:2,328.41,22.47
[Cl-].C[N+](C)(C)CCO,OCCOCCO,1:2,353.00,34.16
[Cl-].C[N+](C)(C)CCO,OCCCCO,1:19,297.00,46.10
[Cl-].C[N+](C)(C)CCO,OCC(O)CO,1:9,303.00,60.30
[Cl-].CCCC[N+](CCCC)(CCCC)CCCC,N[C@@H](CCCNC(N)=N)C(O)=O,7:1,313.15,38.20
[Br-].CCC[N+](CCC)(CCC)CCC,OCCO,1:3,313.15,45.20
[Cl-].CCCC[N+](CCCC)(CCCC)CCCC,N[C@@H](CCCNC(N)=N)C(O)=O,6:1,333.15,39.10
[Cl-].C(c1ccccc1)[P+](c2ccccc2)(c3ccccc3)c4ccccc4,OCCOCCO,1:7,323.00,57.05
[Cl-].C[N+](C)(C)CCO,CC(O)CCO,1:9,295.00,37.90
NCCCN,OCCCCO,1:0.67,293.15,45.67
NCCCN,OCCCCO,1:1.92,308.15,45.42
[Cl-].C[N+](C)(C)CCO,OCCO,1:2,291.00,47.90
NCCCN,OCCCCO,1:1,308.15,44.74
NCCCN,OCCCCO,1:0.15,293.15,42.85
[Br-].C=CC[P+](c1ccccc1)(c2ccccc2)c3ccccc3,OCCOCCO,1:4,318.15,45.33
[Cl-].C[N+](C)(C)CCO,OCCO,1:19,289.00,46.20
NCCCN,OCCCCO,1:0.44,303.15,43.45
[Cl-].C[N+](C)(C)CCO,OC[C@@H](O)[C@@H](O)[C@H](O)[C@@H](O)C=O,1:2,318.15,70.42
CC(C)C1CCC(C)CC1O,CC1(C)C2CCC1(C)C(O)C2,7:3,298.15,29.04
[Cl-].[Cl-].[Zn++],OCCCCCCO,1:3,298.04,48.16
[Br-].C[P+](c1ccccc1)(c2ccccc2)c3ccccc3,CN(CCO)CCO,1:7,313.15,42.48
[Cl-].C[N+](C)(C)CCO,OCCCCO,1:5.67,311.00,46.00
NCCCN,OCCCCO,1:4.65,303.15,45.12
[Cl-].C[N+](C)(C)CCO,OCCO,1:9,291.00,47.60
NCCCN,OCCCCO,1:0.09,293.15,42.26
O=C1CCC[C@@H]2[C@H]3CCCN4CCC[C@@H](CN12)[C@@H]34,COc1ccc(C(C)=O)c(O)c1,3:7,318.15,40.37
[Br-].C[P+](c1ccccc1)(c2ccccc2)c3ccccc3,CN(CCO)CCO,1:10,333.15,41.06
O=C1CCC[C@@H]2[C@H]3CCCN4CCC[C@@H](CN12)[C@@H]34,COc1ccc(C(C)=O)c(O)c1,4:6,333.15,39.85
[Cl-].C[N+](C)(C)CCO,OCC(O)CO,1:2,328.00,53.00
[Br-].C=CC[P+](c1ccccc1)(c2ccccc2)c3ccccc3,OCCOCCO,1:10,313.15,44.53
NCCCN,OCCCCO,1:3.29,318.15,44.52
[Cl-].[Cl-].[Zn++],NC(N)=O,1:3.5,300.99,70.20
[Br-].C=CC[P+](c1ccccc1)(c2ccccc2)c3ccccc3,OCCOCCO,1:4,343.15,42.89
[Br-].C=CC[P+](c1ccccc1)(c2ccccc2)c3ccccc3,OCCOCCO,1:4,313.15,45.82
CC(C)C1CCC(C)CC1O,CCCCCCCC(O)=O,1:3,314.11,21.16
[Br-].C=CC[P+](c1ccccc1)(c2ccccc2)c3ccccc3,OCCOCCO,1:4,308.15,48.35
[Cl-].C[N+](C)(C)CCO,CC(O)CCO,1:5.67,309.00,37.20
[Br-].C=CC[P+](c1ccccc1)(c2ccccc2)c3ccccc3,OCCOCCO,1:4,333.15,43.85
NCCCN,OCCCCO,1:3.29,303.15,45.17
[Cl-].C[N+](C)(C)CCO,OCCCCO,1:4,307.00,46.60
[Br-].C=CC[P+](c1ccccc1)(c2ccccc2)c3ccccc3,OCCOCCO,1:10,303.15,45.72
[Cl-].C[N+](C)(C)CCO,OCCOCCOCCOCCOCCO,1:5,303.00,46.02
[Cl-].C[N+](C)(C)CCO,OCC(O)CO,1:5.67,308.00,59.10
[Br-].CC[N+](CC)(CC)CC,CCCC[NH3+],1:1,353.15,42.11
[Cl-].C[N+](C)(C)CCO,OCCCCO,1:9,295.00,46.70
[Br-].CCCC[N+](CCCC)(CCCC)CCCC,NCCO,1:5,328.15,34.90
[Br-].C[P+](c1ccccc1)(c2ccccc2)c3ccccc3,NCCO,1:5,348.15,44.80
NCCCN,OCCCCO,1:0.44,313.15,42.70
[Cl-].C[N+](C)(C)CCO,OC[C@@H](O)[C@@H](O)[C@H](O)C(=O)CO,2:1,338.15,66.00
O=C1CCC[C@@H]2[C@H]3CCCN4CCC[C@@H](CN12)[C@@H]34,COc1ccc(C(C)=O)c(O)c1,5:5,308.15,42.96
[Cl-].C[N+](C)(C)CCO,OCC(O)CO,1:19,318.00,59.80
NCCCN,OCCCCO,1:0.04,293.15,41.82
[Br-].CCCC[N+](CCCC)(CCCC)CCCC,NCCO,1:3,308.15,35.30
[Cl-].C[N+](C)(C)CCO,CC(O)CCO,1:9,299.00,37.50
[Br-].C[P+](c1ccccc1)(c2ccccc2)c3ccccc3,OCCOCCOCCO,1:5.25,313.15,48.40
[Cl-].C[N+](C)(C)CCO,CC(O)C(C)O,1:5.67,305.00,33.70
[Cl-].C[N+](C)(C)CCO,CC(O)C(C)O,1:4,305.00,34.30
NCCCN,OCCCCO,1:1.53,308.15,45.39
[Cl-].CCCC[N+](CCCC)(CCCC)CCCC,N[C@@H](CCC(O)=O)C(O)=O,9:1,323.15,33.10
[Br-].CCC[N+](CCC)(CCC)CCC,OCCOCCOCCO,1:3,353.15,42.19
NCCCN,OCCCCO,1:4.65,308.15,44.90
[Br-].C=CC[P+](c1ccccc1)(c2ccccc2)c3ccccc3,OCCOCCOCCO,1:10,343.15,40.58
C[N+](C)(C)CC([O-])=O,CC(O)C(O)=O,1:2,333.15,42.90
[Cl-].C[N+](C)(C)CCO,OCCOCCOCCOCCOCCO,1:5,353.00,35.97
[Br-].C=CC[P+](c1ccccc1)(c2ccccc2)c3ccccc3,OCCOCCO,1:4,308.15,46.33
NCCCN,OCCCCO,1:0.21,318.15,40.65
NCCCN,OCCCCO,1:3.29,308.15,45.10
[Cl-].C[N+](C)(C)CCO,OCCOCCOCCOCCOCCO,1:4,313.00,48.50
OCCOCCOCCOCCOCCOCCOCCOCCOCCOCCO,NC(N)=S,4:1,308.00,41.93
[Br-].C=CC[P+](c1ccccc1)(c2ccccc2)c3ccccc3,OCCOCCOCCO,1:10,298.15,46.21
NCCCN,OCCCCO,1:1.53,303.15,45.37
[Br-].CCCC[N+](CCCC)(CCCC)CCCC,OCCOCCO,1:2,333.00,36.56
[Cl-].[Cl-].[Zn++],CC(N)=O,1:4,296.01,52.18
NCCCN,OCCCCO,1:0.15,313.15,40.57
[Cl-].C[N+](C)(C)CCO,OC1(O)C(=O)c2ccccc2C1=O,1:0.75,308.15,63.70
[Cl-].C[N+](C)(C)CCO,OCC(O)CO,1:19,303.00,62.00
[Br-].C[P+](c1ccccc1)(c2ccccc2)c3ccccc3,OCCOCCO,1:4,353.00,29.92
[Br-].CCCC[N+](CCCC)(CCCC)CCCC,OCCOCCO,1:2,353.00,32.23
O=C1CCC[C@@H]2[C@H]3CCCN4CCC[C@@H](CN12)[C@@H]34,COc1ccc(C(C)=O)c(O)c1,3:7,343.15,37.88
[Cl-].C[N+](C)(C)CCO,OC(=O)C(O)(c1ccccc1)c2ccccc2,1:1,333.15,51.53
[Cl-].C[N+](C)(C)CCO,CCC(O)CO,1:5.67,309.00,32.90
NCCCN,OCCCCO,1:1,313.15,44.37
[Br-].CCC[N+](CCC)(CCC)CCC,OCC(O)CO,1:3,343.15,48.96
NCCCN,OCCCCO,1:7.40,313.15,44.39
[Cl-].C[N+](C)(C)CCO,OCCO,1:2,283.00,49.20
[Br-].C[P+](c1ccccc1)(c2ccccc2)c3ccccc3,NCCO,1:7,298.15,50.20
[Cl-].C[N+](C)(C)CCO,OCCO,1:19,293.00,45.70
NCCCN,OCCCCO,1:0.27,293.15,43.57
[Cl-].C[N+](C)(C)CCO,OCCO,1:2,279.00,49.80
[Br-].CCC[N+](CCC)(CCC)CCC,OCC(O)CO,1:4,323.15,51.69
[Br-].C=CC[P+](c1ccccc1)(c2ccccc2)c3ccccc3,OCCOCCOCCO,1:16,303.15,44.69
[Cl-].CCCC[N+](CCCC)(CCCC)CCCC,N[C@@H](CC(O)=O)C(O)=O,11:1,323.15,41.10
[Cl-].C[N+](C)(C)CCO,OCCO,1:19,287.00,46.40
OCCOCCOCCOCCOCCO,CNC(C)=O,4:1,308.00,43.40
[Cl-].C[N+](C)(C)CCO,CC(O)C(C)O,1:5.67,295.00,34.90
[Cl-].C[N+](C)(C)CCO,CC(O)C(C)O,1:9,311.00,32.80
CC(C)(C)NCCO.Cl,NC(=O)C(F)(F)F,1:2,323.15,37.88
[Cl-].C[N+](C)(C)CCO,OC[C@@H](O)[C@@H](O)[C@H](O)[C@@H](O)C=O,2:1,348.15,68.90
[Cl-].C[N+](C)(C)CCO,OCCCCCCO,1:9,316.50,42.60
[Br-].CCC[N+](CCC)(CCC)CCC,OCCOCCOCCO,1:4,333.15,43.58
NCCCN,OCCCCO,1:1,303.15,45.04
[Cl-].C[N+](C)(C)CCO,OCCCCCCO,1:9,319.00,42.40
[Br-].C=CC[P+](c1ccccc1)(c2ccccc2)c3ccccc3,OCCOCCOCCO,1:16,308.15,44.12
NCCCN,OCCCCO,1:3.29,298.15,45.73
[Cl-].C[N+](C)(C)CCO,CC(O)C(O)=O,1:2,298.20,48.00
[Cl-].CCCC[N+](CCCC)(CCCC)CCCC,N[C@@H](CCC(O)=O)C(O)=O,10:1,343.15,33.20
NCCCN,OCCCCO,1:15.67,308.15,44.30
[Cl-].C[N+](C)(C)CCO,CC(O)C(O)=O,1:2,313.50,47.00
NCCCN,OCCCCO,1:1.53,313.15,44.81
CC(C)(C)NCCO.Cl,OCCOCCO,1:3,303.00,61.97
[Br-].CCCC[N+](CCCC)(CCCC)CCCC,NCCO,1:4,298.15,35.80
[Cl-].C[N+](C)(C)CCO,OCC(O)CO,1:3,313.00,48.90
[Cl-].C[N+](C)(C)CCO,OCCCCO,1:19,295.00,46.30
NCCCN,OCCCCO,1:15.67,313.15,44.10
[Cl-].C[N+](C)(C)CCO,OCC(O)CO,1:9,323.00,57.90
[Cl-].C[N+](C)(C)CCO,OCCCCO,1:9,299.00,46.40
[Cl-].C[N+](C)(C)CCO,CCC(O)CO,1:5.67,305.00,33.10
[Br-].C[P+](c1ccccc1)(c2ccccc2)c3ccccc3,OCCOCCOCCO,1:5.25,303.15,49.27
[Br-].C=CC[P+](c1ccccc1)(c2ccccc2)c3ccccc3,OCCOCCOCCO,1:16,303.15,47.68
[Cl-].C[N+](C)(C)CCO,CCC(O)CO,1:5.67,297.00,33.70
[Br-].C[P+](c1ccccc1)(c2ccccc2)c3ccccc3,OCCO,1:2,298.15,47.51
[Br-].C[P+](c1ccccc1)(c2ccccc2)c3ccccc3,OCCOCCO,1:4,293.00,62.74
[Cl-].C[N+](C)(C)CCO,NC(N)=O,1:2,425.00,38.70
[Cl-].C[N+](C)(C)CCO,OCCCCCCO,1:4,321.50,43.00
[Cl-].CC[NH3+],NC(N)=O,1:1.5,313.15,52.90
[Br-].C=CC[P+](c1ccccc1)(c2ccccc2)c3ccccc3,OCCOCCOCCO,1:16,333.15,41.17
[Br-].C[P+](c1ccccc1)(c2ccccc2)c3ccccc3,CN(CCO)CCO,1:7,303.15,42.87
[Br-].C[P+](c1ccccc1)(c2ccccc2)c3ccccc3,NCCO,1:6,328.15,46.70
[Cl-].CCCC[N+](CCCC)(CCCC)CCCC,N[C@@H](CCCNC(N)=N)C(O)=O,7:1,353.15,35.80
NCCCN,OCCCCO,1:4.65,298.15,45.51
[Cl-].CCCC[N+](CCCC)(CCCC)CCCC,N[C@@H](CC(O)=O)C(O)=O,10:1,333.15,37.90
[Cl-].C[N+](C)(C)CCO,OC[C@@H](O)[C@@H](O)[C@H](O)C(=O)CO,2.5:1,308.15,73.00
[Br-].C[P+](c1ccccc1)(c2ccccc2)c3ccccc3,OCCOCCOCCO,1:5.25,298.15,49.85
[Br-].CCC[N+](CCC)(CCC)CCC,OCC(O)CO,1:2,313.15,50.25
CC(C)C1CCC(C)CC1O,CCCCCCCC(O)=O,2:1,333.27,18.98
[Br-].CCC[N+](CCC)(CCC)CCC,OCCO,1:4,353.15,42.21
[Br-].C[P+](c1ccccc1)(c2ccccc2)c3ccccc3,CN(CCO)CCO,1:7,333.15,41.64
[Cl-].C[N+](C)(C)CCO,OCCO,1:19,277.00,48.00
CC(C)(C)NCCO.Cl,OCCO,1:2,298.15,51.29
[Cl-].C[N+](C)(C)CCO,OCCCCCCO,1:4,329.00,42.60
CC(C)C1CCC(C)CC1O,CCCCCCCC(O)=O,2:1,303.77,20.53
OCCOCCOCCOCCOCCO,CC(O)C(O)=O,4:1,298.00,45.17
[Br-].CCC[N+](CCC)(CCC)CCC,OCC(O)CO,1:3,353.15,48.50
[Br-].C[P+](c1ccccc1)(c2ccccc2)c3ccccc3,CN(CCO)CCO,1:10,323.15,41.53
NCCCN,OCCCCO,1:0.44,318.15,42.38
[Cl-].C[N+](C)(C)CCO,CC(O)CCO,1:9,297.00,37.80
CC(C)(C)NCCO.Cl,OCC(O)CO,1:4,308.15,58.13
[Cl-].C[N+](C)(C)CCO,OCCO,1:19,283.00,47.10
OCCOCCOCCOCCOCCOCCOCCOCCOCCOCCO,NC(N)=S,4:1,318.00,41.83
NCCCN,OCCCCO,1:1.92,303.15,45.50
[Cl-].C[N+](C)(C)CCO,OCCCCO,1:4,303.00,46.80
[Cl-].C[N+](C)(C)CCO,OC(=O)C(O)(c1ccccc1)c2ccccc2,1:1,338.15,50.32
[Cl-].CCCC[N+](CCCC)(CCCC)CCCC,N[C@@H](CC(O)=O)C(O)=O,9:1,353.15,33.90
[Br-].CCCC[N+](CCCC)(CCCC)CCCC,NCCO,1:5,338.15,34.60
[Br-].CCC[N+](CCC)(CCC)CCC,OCCO,1:4,343.15,43.20
[Cl-].[Cl-].[Zn++],OCCO,1:4,301.02,54.93
[Cl-].C[N+](C)(C)CCO,OC1(O)C(=O)c2ccccc2C1=O,1:0.75,323.15,62.01
OCCOCCOCCOCCOCCO,CC(O)C(O)=O,4:1,318.00,44.00
[Cl-].CCCC[N+](CCCC)(CCCC)CCCC,CSCC[C@H](N)C(O)=O,9:1,313.15,41.80
[Cl-].C[N+](C)(C)CCO,CCC(O)CO,1:5.67,303.00,33.20
[Cl-].C[N+](C)(C)CCO,OCCO,1:3,291.00,48.60
[Cl-].CCCC[N+](CCCC)(CCCC)CCCC,N[C@@H](CCCNC(N)=N)C(O)=O,8:1,323.15,39.00
CC(N(C)C)C(O)=O,O[C@@H](C(O)=O)c1ccccc1,1:1,298.15,64.50
CC(C)(C)NCCO.Cl,NC(=O)C(F)(F)F,1:2,298.15,40.27
[Br-].CCCC[N+](CCCC)(CCCC)CCCC,NCCO,1:3,318.15,34.80
[Cl-].C[N+](C)(C)CCO,OCCCCCCO,1:3,324.00,43.30
[Br-].CCCC[N+](CCCC)(CCCC)CCCC,NCCO,1:5,318.15,35.20
[Cl-].C[N+](C)(C)CCO,OCCO,1:5.67,279.00,51.20
NCCCN,OCCCCO,1:0.67,308.15,44.20
[Cl-].CCCC[N+](CCCC)(CCCC)CCCC,N[C@@H](CCC(O)=O)C(O)=O,9:1,333.15,32.40
CC(C)(C)NCCO.Cl,OCCOCCO,1:3,343.00,37.63
CC(C)C1CCC(C)CC1O,CCCCCCCC(O)=O,1:3,323.58,20.10
[Cl-].C[N+](C)(C)CCO,NCCO,1:8,298.15,49.60
[Cl-].C[N+](C)(C)CCO,OC1(O)C(=O)c2ccccc2C1=O,1:0.75,318.15,62.57
[Cl-].C[N+](C)(C)CCO,CC(O)C(C)O,1:19,309.00,32.60
[Br-].C=CC[P+](c1ccccc1)(c2ccccc2)c3ccccc3,OCCOCCOCCO,1:16,298.15,48.25
[Cl-].C[N+](C)(C)CCO,OCC(O)CO,1:9,308.00,59.50
[Cl-].C[N+](C)(C)CCO,OC1(O)C(=O)c2ccccc2C1=O,1:0.75,333.15,61.02
[Br-].C[P+](c1ccccc1)(c2ccccc2)c3ccccc3,NCCO,1:5,338.15,45.60
[Cl-].C[N+](C)(C)CCO,CC(O)C(C)O,1:4,303.00,34.50
[Br-].C=CC[P+](c1ccccc1)(c2ccccc2)c3ccccc3,OCCOCCO,1:4,318.15,47.33
CC(C)(C)NCCO.Cl,OCC(O)CO,1:4,303.15,58.75
[Cl-].C[N+](C)(C)CCO,NCCO,1:8,358.15,45.00
[Cl-].C[N+](C)(C)CCO,OCCCCO,1:5.67,309.00,46.00
CC(C)C1CCC(C)CC1O,CCCCCCCC(O)=O,1:1,303.04,25.67
[Cl-].C[N+](C)(C)CCO,OCCCCO,1:4,293.00,47.40
[Cl-].C[N+](C)(C)CCO,OCCCCCCO,1:9,331.50,41.50
[Cl-].CCCC[N+](CCCC)(CCCC)CCCC,N[C@@H](CC(O)=O)C(O)=O,10:1,353.15,34.40
[Cl-].C[N+](C)(C)CCO,OCCOCCOCCOCCOCCOCCOCCOCCOCCOCCO,1:4,318.00,44.39
[Cl-].C[N+](C)(C)CCO,NCCO,1:6,348.15,45.5893
[Cl-].C[N+](C)(C)CCO,OCCCCO,1:5.67,297.00,46.80
[Cl-].CCCC[N+](CCCC)(CCCC)CCCC,N[C@@H](CC(O)=O)C(O)=O,9:1,343.15,35.10
[Cl-].C[N+](C)(C)CCO,OCC(O)CO,1:2,318.00,53.80
[Br-].CCC[N+](CCC)(CCC)CCC,OCCO,1:5,303.15,46.99
[Br-].C=CC[P+](c1ccccc1)(c2ccccc2)c3ccccc3,OCCOCCO,1:4,328.15,46.35
[Cl-].C[N+](C)(C)CCO,OCCOCCO,1:2,303.00,44.44
[Cl-].C[N+](C)(C)CCO,CCC(O)CO,1:5.67,295.00,33.90
OCCOCCOCCOCCOCCO,CNC(C)=O,1:2,308.00,39.90
[Cl-].C[N+](C)(C)CCO,CCC(O)CO,1:9,307.00,32.00
CC(C)(C)NCCO.Cl,OCCO,1:3,308.15,46.53
[Cl-].C[N+](C)(C)CCO,OCCO,1:3,285.00,49.40
[Cl-].C[N+](C)(C)CCO,CC(O)C(C)O,1:5.67,297.00,34.60
C[N+](C)(C)CC([O-])=O,CC(O)C(O)=O,1:2,313.15,45.40
[Br-].CCCC[N+](CCCC)(CCCC)CCCC,NCCO,1:6,348.15,34.40
[Cl-].C[N+](C)(C)CCO,OCCCCCCO,1:9,321.50,42.30
[Cl-].C[N+](C)(C)CCO,OCC(O)CO,1:2.33,313.00,46.70
[Br-].CC[N+](CC)(CC)CC,CCCC[NH3+],1:1,348.15,43.34
[Cl-].C[N+](C)(C)CCO,OCCCCO,1:5.67,293.00,46.90
[Cl-].CCCC[N+](CCCC)(CCCC)CCCC,N[C@@H](CC(O)=O)C(O)=O,10:1,343.15,36.10
NCCCN,OCCCCO,1:1.23,313.15,44.63
CC(C)(C)NCCO.Cl,OCCO,1:2,328.15,48.12
[Cl-].C[N+](C)(C)CCO,CC(O)CCO,1:4,307.00,38.50
CC(C)(C)NCCO.Cl,OCCO,1:2,318.15,49.14
[Cl-].C[N+](C)(C)CCO,NCCO,1:8,318.15,47.90
CC(C)C1CCC(C)CC1O,CCCCCCCC(O)=O,1:3,328.93,19.73
[Cl-].C[N+](C)(C)CCO,CC(O)CCO,1:19,303.00,33.40
[Cl-].C[N+](C)(C)CCO,NC(N)=O,1:2,313.15,52.70
NCCCN,OCCCCO,1:2.47,308.15,45.32
[Cl-].[Cl-].[Zn++],OCCCCCCO,1:3,303.00,45.71
[Cl-].C[N+](C)(C)CCO,CCC(O)CO,1:4,307.00,33.50
NCCCN,OCCCCO,1:1.92,313.15,44.87
NCCCN,OCCCCO,1:0.15,318.15,40.06
[Cl-].C[N+](C)(C)CCO,OCCOCCOCCOCCOCCO,1:4,298.00,55.03
[Br-].CCC[N+](CCC)(CCC)CCC,OCCOCCOCCO,1:2.5,343.15,42.78
NCCCN,OCCCCO,1:0.55,298.15,44.78
[Br-].C[P+](c1ccccc1)(c2ccccc2)c3ccccc3,OCCOCCO,1:4,343.00,34.73
[Cl-].C[N+](C)(C)CCO,OC[C@@H](O)[C@@H](O)[C@H](O)[C@@H](O)C=O,1:2,338.15,69.44
[Br-].C=CC[P+](c1ccccc1)(c2ccccc2)c3ccccc3,OCCOCCOCCO,1:10,328.15,42.27
[Cl-].C[N+](C)(C)CCO,CC(O)C(C)O,1:4,307.00,34.00
[Cl-].C[N+](C)(C)CCO,OC[C@@H](O)[C@@H](O)[C@H](O)C(=O)CO,2.5:1,358.15,63.00
CC(C)C1CCC(C)CC1O,CCCCCCCC(O)=O,1:1,318.12,22.74
[Cl-].C[N+](C)(C)CCO,CC(O)CCO,1:9,307.00,36.20
[Br-].C=CC[P+](c1ccccc1)(c2ccccc2)c3ccccc3,OCCOCCOCCO,1:16,343.15,42.38
[Br-].CC[N+](CC)(CC)CC,CCCC[NH3+],1:1,338.15,45.51
[Cl-].C[N+](C)(C)CCO,OCCCCO,1:9,293.00,46.80
CC(C)C1CCC(C)CC1O,CCCCCCCC(O)=O,1:2,308.53,24.25
CC(C)C1CCC(C)CC1O,CCCCCCCC(O)=O,1:2,313.17,23.90
[Br-].C[P+](c1ccccc1)(c2ccccc2)c3ccccc3,OCCOCCOCCO,1:5.25,328.15,47.03
[Cl-].C[N+](C)(C)CCO,OCCCCO,1:4,311.00,46.20
[Br-].C[P+](c1ccccc1)(c2ccccc2)c3ccccc3,CN(CCO)CCO,1:16,313.15,41.20
[Cl-].C[N+](C)(C)CCO,OC[C@@H](O)[C@@H](O)[C@H](O)[C@@H](O)C=O,1:2,348.15,68.91
[Br-].C[P+](c1ccccc1)(c2ccccc2)c3ccccc3,NCCO,1:7,328.15,47.20
CCCC[N+](CCCC)(CCCC)CCCC.O[S]([O-])(=O)=O,OC1(O)C(=O)c2ccccc2C1=O,1:0.75,318.15,41.20
CC(C)(C)NCCO.Cl,OCC(O)CO,1:2,328.15,55.16
[Cl-].C[N+](C)(C)CCO,OCCCCO,1:5.67,305.00,46.30
[Cl-].C[N+](C)(C)CCO,CC(O)CCO,1:4,295.00,39.80
[Br-].CCCC[N+](CCCC)(CCCC)CCCC,NCCO,1:5,308.15,35.60
NCCCN,OCCCCO,1:4.65,293.15,46.15
[Cl-].C[N+](C)(C)CCO,CCC(O)CO,1:19,307.00,31.60
[Cl-].C[N+](C)(C)CCO,OCC(O)CO,1:2.33,318.00,46.40
NCCCN,OCCCCO,1:0.09,298.15,41.76
NCCCN,OCCCCO,1:0.21,313.15,41.13
NCCCN,OCCCCO,1:0.04,298.15,41.53
CC(C)(C)NCCO.Cl,OCCO,1:3,328.15,44.57
[Cl-].C[N+](C)(C)CCO,CCC(O)CO,1:19,301.00,32.10
O=C1CCC[C@@H]2[C@H]3CCCN4CCC[C@@H](CN12)[C@@H]34,COc1ccc(C(C)=O)c(O)c1,3:7,323.15,39.92
[Cl-].[Cl-].[Zn++],NC(N)=O,1:3.5,298.01,71.95
CCCC[N+](CCCC)(CCCC)CCCC.O[S]([O-])(=O)=O,OC1(O)C(=O)c2ccccc2C1=O,1:0.75,323.15,40.20
[Cl-].C[N+](C)(C)CCO,OC[C@@H](O)[C@@H](O)[C@H](O)C(=O)CO,2:1,298.15,74.00
[Cl-].C[N+](C)(C)CCO,NCCO,1:7,318.15,47.80
[Cl-].C[N+](C)(C)CCO,CC(O)CCO,1:5.67,311.00,36.90
[Br-].CCCC[N+](CCCC)(CCCC)CCCC,NCCO,1:6,298.15,36.10
[Cl-].CCCC[N+](CCCC)(CCCC)CCCC,N[C@@H](CC(O)=O)C(O)=O,9:1,333.15,36.60
O=C1CCC[C@@H]2[C@H]3CCCN4CCC[C@@H](CN12)[C@@H]34,COc1ccc(C(C)=O)c(O)c1,5:5,343.15,39.79
CC(C)(C)NCCO.Cl,OCC(O)CO,1:4,328.15,55.92
[Br-].C[P+](c1ccccc1)(c2ccccc2)c3ccccc3,CN(CCO)CCO,1:10,303.15,42.50
[Br-].CC[NH3+],OCC(O)CO,1:2,298.15,57.60
[Cl-].C[N+](C)(C)CCO,CCC(O)CO,1:9,303.00,32.60
O=C1CCC[C@@H]2[C@H]3CCCN4CCC[C@@H](CN12)[C@@H]34,COc1ccc(C(C)=O)c(O)c1,3:7,313.15,40.89
[Cl-].C[N+](C)(C)CCO,OC(=O)CC(O)=O,1:1,298.15,65.70
[Cl-].C[N+](C)(C)CCO,OC[C@@H](O)[C@@H](O)[C@H](O)C(=O)CO,1:1,308.15,68.00
C[N+](C)(C)CC([O-])=O,CC(O)C(O)=O,1:2,293.15,46.30
O=C1CCC[C@@H]2[C@H]3CCCN4CCC[C@@H](CN12)[C@@H]34,COc1ccc(C(C)=O)c(O)c1,4:6,323.15,40.89
[Cl-].CCCC[N+](CCCC)(CCCC)CCCC,N[C@@H](CCC(O)=O)C(O)=O,9:1,343.15,31.50
[Cl-].C[N+](C)(C)CCO,CC(O)C(C)O,1:19,301.00,33.50
NCCCN,OCCCCO,1:1.23,298.15,46.09
NCCCN,OCCCCO,1:0.35,303.15,42.99
[Cl-].C[N+](C)(C)CCO,OCCOCCOCCOCCOCCO,1:6,313.00,50.82
OCCOCCOCCOCCOCCOCCOCCOCCOCCOCCO,NC(N)=S,4:1,338.00,40.70
CC(N(C)C)C(O)=O,OCC(O)=O,2:1,298.15,55.92
CC(C)(C)NCCO.Cl,OCCO,1:2,323.15,48.67
[Cl-].C[N+](C)(C)CCO,OCC(O)CO,1:4,303.00,56.60
[Cl-].C[N+](C)(C)CCO,CC(O)C(C)O,1:4,309.00,33.70
[Cl-].C[N+](C)(C)CCO,NC(N)=O,1:2,303.15,54.90
[Cl-].C[N+](C)(C)CCO,OCCOCCOCCOCCOCCO,1:5,333.00,39.23
[Cl-].C[N+](C)(C)CCO,OCC(O)CO,1:19,323.00,59.30
[Cl-].C[N+](C)(C)CCO,CCC(O)CO,1:9,295.00,33.40
[Br-].C[P+](c1ccccc1)(c2ccccc2)c3ccccc3,NCCO,1:5,328.15,46.40
[Cl-].C[N+](C)(C)CCO,OCCOCCOCCOCCOCCOCCOCCOCCOCCOCCO,1:4,308.00,45.08
[Br-].CCCC[N+](CCCC)(CCCC)CCCC,NCCO,1:3,338.15,34.00
OCCOCCOCCOCCOCCOCCOCCOCCOCCOCCO,NC(N)=S,4:1,298.00,42.22
[Cl-].C[N+](C)(C)CCO,CC(O)CCO,1:4,299.00,39.60
[Br-].CCC[N+](CCC)(CCC)CCC,OCC(O)CO,1:4,333.15,50.66
[Cl-].C[N+](C)(C)CCO,CCC(O)CO,1:5.67,293.00,34.20
CC(C)(C)NCCO.Cl,OCCO,1:3,318.15,45.55
[Cl-].C[N+](C)(C)CCO,NC(N)=O,1:2,333.15,48.10
[Cl-].C[N+](C)(C)CCO,OC[C@@H](O)[C@@H](O)[C@H](O)C(=O)CO,1.5:1,358.15,61.30
NCCCN,OCCCCO,1:0.82,318.15,43.78
[Cl-].C[N+](C)(C)CCO,NC(N)=O,1:2,343.15,45.90
[Cl-].C[N+](C)(C)CCO,OCCO,1:5.67,281.00,51.00
[Br-].C=CC[P+](c1ccccc1)(c2ccccc2)c3ccccc3,OCCOCCOCCO,1:16,338.15,40.55
[Cl-].C[N+](C)(C)CCO,OCC(O)CO,1:5.67,318.00,58.10
[Br-].CCCC[N+](CCCC)(CCCC)CCCC,OCCO,1:2,298.15,53.31
[Cl-].C[N+](C)(C)CCO,OCCCCO,1:4,297.00,47.10
O=C1CCC[C@@H]2[C@H]3CCCN4CCC[C@@H](CN12)[C@@H]34,COc1ccc(C(C)=O)c(O)c1,4:6,303.15,43.15
[Br-].C=CC[P+](c1ccccc1)(c2ccccc2)c3ccccc3,OCCOCCO,1:4,343.15,44.90
OCCOCCOCCOCCOCCOCCOCCOCCOCCOCCO,NC(N)=S,4:1,328.00,41.10
[Cl-].C[N+](C)(C)CCO,OCCCCO,1:3,293.00,47.60
[Cl-].C[N+](C)(C)CCO,OCCOCCOCCOCCOCCO,1:5,323.00,42.04
[Cl-].C[N+](C)(C)CCO,OCC(O)CO,1:4,328.00,54.40
[Cl-].C[N+](C)(C)CCO,OC(=O)COCC(O)=O,1:1,303.15,67.69
[Cl-].C[N+](C)(C)CCO,NCCO,1:6,298.15,48.2755
[Br-].C=CC[P+](c1ccccc1)(c2ccccc2)c3ccccc3,OCCOCCOCCO,1:10,323.15,42.96
[Cl-].C[N+](C)(C)CCO,OCCCCO,1:4,309.00,46.30
[Cl-].C[N+](C)(C)CCO,OCCCCCCO,1:5.67,324.00,42.40
[Cl-].C[N+](C)(C)CCO,NCCO,1:6,328.15,46.7494
[Br-].C[P+](c1ccccc1)(c2ccccc2)c3ccccc3,CN(CCO)CCO,1:10,298.15,42.80
[Cl-].C[N+](C)(C)CCO,OCCOCCOCCOCCOCCO,1:6,323.00,50.99
NCCCN,OCCCCO,1:1.92,318.15,44.73
[Cl-].C[N+](C)(C)CCO,OCCO,1:5.67,287.00,50.20
NCCCN,OCCCCO,1:0.21,298.15,42.76
[Cl-].C[N+](C)(C)CCO,NCCO,1:5,358.15,44.40
[Cl-].[Cl-].[Zn++],CC(N)=O,1:4,307.02,49.04
[Br-].C=CC[P+](c1ccccc1)(c2ccccc2)c3ccccc3,OCCOCCOCCO,1:10,303.15,45.66
[Cl-].C[N+](C)(C)CCO,OCCCCCCO,1:9,329.00,41.60
[Cl-].C[N+](C)(C)CCO,OCC(O)CO,1:9,313.00,59.00
[Cl-].C[N+](C)(C)CCO,CC(O)CCO,1:19,311.00,31.90
[Cl-].C[N+](C)(C)CCO,OCCCCO,1:9,311.00,45.80
[Cl-].C[N+](C)(C)CCO,OCCO,1:4,291.00,49.20
CCCC[N+](CCCC)(CCCC)CCCC.O[S]([O-])(=O)=O,OC1(O)C(=O)c2ccccc2C1=O,1:0.75,313.15,42.30
[Cl-].C[N+](C)(C)CCO,OC(=O)C(O)(c1ccccc1)c2ccccc2,1:1,348.15,48.01
[Br-].C[P+](c1ccccc1)(c2ccccc2)c3ccccc3,OCCOCCOCCO,1:5.25,318.15,48.01
[Cl-].CCCC[N+](CCCC)(CCCC)CCCC,N[C@@H](CCCNC(N)=N)C(O)=O,7:1,323.15,37.90
[Cl-].C[N+](C)(C)CCO,OCCCCO,1:19,303.00,45.80
CC(C)(C)NCCO.Cl,NC(=O)C(F)(F)F,1:2,318.15,38.36
[Cl-].C[N+](C)(C)CCO,OC[C@@H](O)[C@@H](O)[C@H](O)C(=O)CO,2:1,318.15,70.00
[Cl-].C[N+](C)(C)CCO,OC1(O)C(=O)c2ccccc2C1=O,1:0.75,328.15,61.51
[Cl-].C[N+](C)(C)CCO,CC(O)CCO,1:4,303.00,39.20
[Cl-].C[N+](C)(C)CCO,OC[C@@H](O)[C@@H](O)[C@H](O)[C@@H](O)C=O,2:1,358.15,68.60
CCCC[N+](CCCC)(CCCC)CCCC.O[S]([O-])(=O)=O,OC(=O)COCC(O)=O,1:1,323.15,43.39
[Cl-].C[N+](C)(C)CCO,OCCO,1:9,285.00,48.30
[Cl-].CCCC[N+](CCCC)(CCCC)CCCC,N[C@@H](CC(O)=O)C(O)=O,11:1,313.15,43.40
[Cl-].C[N+](C)(C)CCO,CC(O)CCO,1:9,311.00,35.70
[Br-].C[P+](c1ccccc1)(c2ccccc2)c3ccccc3,OCC(O)CO,1:3,303.15,58.81
[Cl-].C[N+](C)(C)CCO,OC[C@@H](O)[C@@H](O)[C@H](O)[C@@H](O)C=O,2:1,298.15,71.10
[Cl-].C[N+](C)(C)CCO,OCCOCCO,1:2,313.00,42.81
[Cl-].C[N+](C)(C)CCO,CC(O)CCO,1:19,297.00,34.00
CCCC[N+](CCCC)(CCCC)CCCC.O[S]([O-])(=O)=O,CCCC[NH3+],1:1,343.15,40.79
[Cl-].C[N+](C)(C)CCO,CCC(O)CO,1:9,293.00,33.70
[Cl-].C[N+](C)(C)CCO,Oc1ccccc1,1:2,298.15,35.46
[Br-].CCC[N+](CCC)(CCC)CCC,OCC(O)CO,1:3,333.15,49.94
CC(C)C1CCC(C)CC1O,CCCCCCCC(O)=O,1:3,308.73,21.65
[Cl-].C[N+](C)(C)CCO,CC(O)C(C)O,1:19,293.00,34.20
[Cl-].C(c1ccccc1)[P+](c2ccccc2)(c3ccccc3)c4ccccc4,OCCOCCO,1:7,353.00,32.71
[Br-].CCCC[N+](CCCC)(CCCC)CCCC,OC(=O)C(O)=O,1:1,298.15,42.70
[Cl-].C[N+](C)(C)CCO,CCC(O)CO,1:4,297.00,34.30
[Cl-].CC(=O)OCC[N+](C)(C)C,NC(N)=O,1:2,313.15,65.1
[Br-].CCC[N+](CCC)(CCC)CCC,OCCO,1:3,303.15,46.27
[Cl-].C[N+](C)(C)CCO,OCCCCCCO,1:5.67,329.00,42.20
[Cl-].C[N+](C)(C)CCO,OCCO,1:9,293.00,47.50
[Br-].C=CC[P+](c1ccccc1)(c2ccccc2)c3ccccc3,OCCOCCO,1:10,338.15,41.46
[Br-].C=CC[P+](c1ccccc1)(c2ccccc2)c3ccccc3,OCCOCCOCCO,1:16,323.15,42.33
[Cl-].C[N+](C)(C)CCO,OCCCCCCO,1:4,319.00,43.10
[Br-].CCC[N+](CCC)(CCC)CCC,OCCOCCOCCO,1:2.5,323.15,44.64
[Cl-].C[N+](C)(C)CCO,CCC(O)CO,1:19,295.00,32.80
CC(C)(C)NCCO.Cl,NC(=O)C(F)(F)F,1:2,313.15,38.79
OCCOCCOCCOCCOCCO,CNC(C)=O,4:1,328.00,42.14
[Cl-].C[N+](C)(C)CCO,OCCO,1:2.33,291.00,47.70
[Cl-].C[N+](C)(C)CCO,CC(O)C(C)O,1:4,293.00,35.60
[Cl-].C[N+](C)(C)CCO,CCC(O)CO,1:4,309.00,33.40
[Cl-].C[N+](C)(C)CCO,OCCOCCOCCOCCOCCO,1:6,303.00,51.05
[Br-].C=CC[P+](c1ccccc1)(c2ccccc2)c3ccccc3,OCCOCCO,1:10,318.15,43.96
CC(C)C1CCC(C)CC1O,CCCCCCCC(O)=O,2:1,323.52,19.52
[Cl-].C[N+](C)(C)CCO,OCCOCCOCCOCCOCCO,1:4,343.00,44.20
[Cl-].C[N+](C)(C)CCO,CC(O)C(C)O,1:19,297.00,33.70
[Cl-].C[N+](C)(C)CCO,CC(O)C(C)O,1:4,301.00,34.70
[Cl-].C[N+](C)(C)CCO,OC[C@@H](O)[C@@H](O)[C@H](O)C(=O)CO,1:1,318.15,66.00
CC(C)(C)NCCO.Cl,OCCO,1:2,303.15,50.74
[Cl-].C[N+](C)(C)CCO,CC(O)C(O)=O,1:2,319.20,46.70
[Cl-].C[N+](C)(C)CCO,OCCOCCOCCOCCOCCO,1:4,333.00,46.40
CC(N(C)C)C(O)=O,OC(=O)Cc1ccccc1,2:1,298.15,40.74
[Cl-].C[N+](C)(C)CCO,CCC(O)CO,1:19,305.00,31.70
[Cl-].C[N+](C)(C)CCO,OCCCCCCO,1:19,324.00,41.50
[Cl-].C[N+](C)(C)CCO,OCC(O)CO,1:9,328.00,57.50
[Cl-].CCCC[N+](CCCC)(CCCC)CCCC,N[C@@H](CCCNC(N)=N)C(O)=O,7:1,333.15,37.20
[Cl-].C[N+](C)(C)CCO,OCCO,1:2.33,293.00,47.50
[Cl-].C[N+](C)(C)CCO,OCC(O)CO,1:4,298.00,57.00
OCCOCCOCCOCCOCCO,NC(N)=S,4:1,308.00,44.21
[Cl-].CCCC[N+](CCCC)(CCCC)CCCC,N[C@@H](CC(O)=O)C(O)=O,11:1,343.15,37.10
OCCOCCOCCOCCOCCO,CC(O)C(O)=O,4:1,338.00,42.30
[Br-].CCC[N+](CCC)(CCC)CCC,OCCOCCOCCO,1:4,353.15,42.28
[Cl-].C[N+](C)(C)CCO,OCCO,1:5.67,283.00,50.70
[Br-].CCC[N+](CCC)(CCC)CCC,OCCOCCOCCO,1:2.5,303.15,46.55
[Cl-].C[N+](C)(C)CCO,CC(O)C(O)=O,1:2,328.60,46.20
[Cl-].C[N+](C)(C)CCO,OC(=O)C(O)(c1ccccc1)c2ccccc2,1:1,343.15,49.10
[Br-].C[P+](c1ccccc1)(c2ccccc2)c3ccccc3,NCCO,1:5,298.15,48.90
[Cl-].C[N+](C)(C)CCO,OC(=O)CC(O)=O,1:1,325.15,64.40
[Br-].CCCC[N+](CCCC)(CCCC)CCCC,NCCO,1:4,338.15,34.30
CC(C)(C)NCCO.Cl,NC(=O)C(F)(F)F,1:2,303.15,39.78
[Cl-].C[N+](C)(C)CCO,OCCOCCOCCOCCOCCO,1:7,313.00,50.71
[Cl-].C[N+](C)(C)CCO,OCCO,1:9,287.00,48.00
[Cl-].C[N+](C)(C)CCO,OCC(O)CO,1:3,328.00,47.60
CC(C)c1ccc(C)cc1O,CCCCCCCCCC(O)=O,1:2,298.15,28.43
[Cl-].C[N+](C)(C)CCO,CC(O)C(C)O,1:5.67,309.00,33.30
[Br-].C[P+](c1ccccc1)(c2ccccc2)c3ccccc3,OCCOCCOCCO,1:5.25,308.15,48.85
[Cl-].C[N+](C)(C)CCO,OCCCCCCO,1:19,331.50,41.10
[Cl-].C[N+](C)(C)CCO,OCCCCO,1:4,301.00,46.90
CC(C)(C)NCCO.Cl,OCC(O)CO,1:2,323.15,55.73
[Cl-].C[N+](C)(C)CCO,CCC(O)CO,1:5.67,307.00,33.00
[Cl-].C[N+](C)(C)CCO,OCCCCCCO,1:19,316.50,42.30
[Cl-].C[N+](C)(C)CCO,OCCOCCOCCOCCOCCO,1:7,298.00,51.54
[Cl-].C[N+](C)(C)CCO,OCCO,1:2.33,287.00,48.20
[Br-].CCCC[N+](CCCC)(CCCC)CCCC,OC(=O)CC(O)=O,1:1,298.15,38.20
OCCOCCOCCOCCOCCO,CNC(C)=O,4:1,338.00,41.48
NCCCN,OCCCCO,1:2.47,293.15,46.69
[Cl-].C[N+](C)(C)CCO,CC(O)C(C)O,1:19,305.00,33.00
CC(C)C1CCC(C)CC1O,CCCCCCCC(O)=O,3:1,303.88,23.00
NCCCN,OCCCCO,1:1.23,308.15,45.23
[Br-].C[P+](c1ccccc1)(c2ccccc2)c3ccccc3,CN(CCO)CCO,1:7,298.15,43.06
CC(C)(C)NCCO.Cl,NC(=O)C(F)(F)F,1:2,328.15,37.51
[Cl-].C[N+](C)(C)CCO,OCCCCO,1:5.67,301.00,46.50
[Cl-].C[N+](C)(C)CCO,OC[C@@H](O)[C@@H](O)[C@H](O)C(=O)CO,1:1,348.15,61.00
[Cl-].C[N+](C)(C)CCO,OCCCCCCO,1:19,329.00,41.20
OCCOCCOCCOCCOCCO,CNC(C)=O,1:2,318.00,39.28
[Cl-].C[N+](C)(C)CCO,NCCO,1:7,298.15,49.20
[Cl-].C[N+](C)(C)CCO,OCCO,1:2,285.00,49.10
CC(C)(C)NCCO.Cl,OCC(O)CO,1:2,303.15,58.33
CCCC[N+](CCCC)(CCCC)CCCC.O[S]([O-])(=O)=O,CCCC[NH3+],1:1,353.15,38.98
[Br-].C[P+](c1ccccc1)(c2ccccc2)c3ccccc3,OCCOCCOCCO,1:5.25,323.15,47.49
[Br-].C[P+](c1ccccc1)(c2ccccc2)c3ccccc3,OCCO,1:2,303.15,47.06
[Cl-].C[N+](C)(C)CCO,OC[C@@H](O)[C@@H](O)[C@H](O)[C@@H](O)C=O,1:2,298.15,71.71
[Cl-].C[N+](C)(C)CCO,OCC(O)CO,1:9,318.00,58.40
[Cl-].C[N+](C)(C)CCO,OC[C@@H](O)[C@@H](O)[C@H](O)[C@@H](O)C=O,2:1,308.15,70.40
[Cl-].C(c1ccccc1)[P+](c2ccccc2)(c3ccccc3)c4ccccc4,OCCOCCO,1:7,303.00,65.24
[Cl-].C[N+](C)(C)CCO,NCCO,1:6,318.15,47.3597
NCCCN,OCCCCO,1:0.35,298.15,43.95
CC(C)C1CCC(C)CC1O,CC1(C)C2CCC1(C)C(O)C2,7:3,298.15,28.90
[Cl-].C[N+](C)(C)CCO,OCCCCCCO,1:4,326.50,42.60
[Cl-].C[N+](C)(C)CCO,OC1(O)C(=O)c2ccccc2C1=O,1:0.75,313.15,63.12
[Cl-].CCCC[N+](CCCC)(CCCC)CCCC,N[C@@H](CCC(O)=O)C(O)=O,8:1,353.15,36.10
[Br-].C=CC[P+](c1ccccc1)(c2ccccc2)c3ccccc3,OCCOCCOCCO,1:16,313.15,46.39
[Cl-].C(c1ccccc1)[P+](c2ccccc2)(c3ccccc3)c4ccccc4,OCCOCCO,1:7,293.00,66.68
[Cl-].C[N+](C)(C)CCO,OCCO,1:3,283.00,49.60
NCCCN,OCCCCO,1:2.47,318.15,44.63
[Cl-].C[N+](C)(C)CCO,CCC(O)CO,1:4,303.00,33.90
[Cl-].C[N+](C)(C)CCO,CC(O)CCO,1:4,309.00,38.30
[Cl-].C[N+](C)(C)CCO,OC[C@@H](O)[C@@H](O)[C@H](O)C(=O)CO,1.5:1,318.15,69.50
[Cl-].C[N+](C)(C)CCO,OCCCCO,1:5.67,307.00,46.10
NCCCN,OCCCCO,1:1,318.15,44.21
[Cl-].CC[NH3+],NC(=O)C(F)(F)F,1:1.5,313.15,30.10
CC(C)C1CCC(C)CC1O,CCCCCCCC(O)=O,1:2,298.00,25.72
[Cl-].C[N+](C)(C)CCO,OCCO,1:4,285.00,49.70
[Cl-].C[N+](C)(C)CCO,NCCO,1:5,298.15,48.20
[Br-].C=CC[P+](c1ccccc1)(c2ccccc2)c3ccccc3,OCCOCCO,1:4,328.15,44.30
[Cl-].C[N+](C)(C)CCO,CC(O)CCO,1:5.67,293.00,39.00
[Cl-].C[N+](C)(C)CCO,OCCO,1:19,285.00,46.80
[Br-].CCC[N+](CCC)(CCC)CCC,OCC(O)CO,1:2,353.15,45.77
[Br-].CCCC[N+](CCCC)(CCCC)CCCC,NCCO,1:3,348.15,33.60
[Br-].C[P+](c1ccccc1)(c2ccccc2)c3ccccc3,OCC(O)CO,1:3,318.15,57.06
[Cl-].C[N+](C)(C)CCO,CCC(O)CO,1:9,301.00,32.80
[Cl-].C[N+](C)(C)CCO,NCCO,1:7,338.15,46.40
[Br-].CCCC[N+](CCCC)(CCCC)CCCC,NCCO,1:4,358.15,33.50
NCCCN,OCCCCO,1:0.15,308.15,41.07
O=C1CCC[C@@H]2[C@H]3CCCN4CCC[C@@H](CN12)[C@@H]34,COc1ccc(C(C)=O)c(O)c1,4:6,343.15,38.80
[Br-].C[P+](c1ccccc1)(c2ccccc2)c3ccccc3,NCCO,1:7,338.15,46.30
CC(N(C)C)C(O)=O,OC(=O)c1occc1,2:1,298.15,32.30
[Cl-].C[N+](C)(C)CCO,CC(O)CCO,1:19,309.00,32.30
[Cl-].C[N+](C)(C)CCO,OC[C@@H](O)[C@@H](O)[C@H](O)C(=O)CO,1:1,358.15,59.00
[Cl-].C[N+](C)(C)CCO,CC(O)CCO,1:9,309.00,35.90
[Cl-].C[N+](C)(C)CCO,OCCOCCO,1:2,323.00,41.85
[Br-].CCC[N+](CCC)(CCC)CCC,OCCOCCOCCO,1:3,333.15,43.59
[Br-].C=CC[P+](c1ccccc1)(c2ccccc2)c3ccccc3,OCCOCCOCCO,1:16,308.15,47.01
NCCCN,OCCCCO,1:0.55,318.15,42.90
[Br-].CCCC[N+](CCCC)(CCCC)CCCC,NCCO,1:6,338.15,34.70
[Cl-].C[N+](C)(C)CCO,OCC(O)CO,1:9,298.00,61.00
[Cl-].C[N+](C)(C)CCO,CC(O)C(C)O,1:19,311.00,32.30
O=C1CCC[C@@H]2[C@H]3CCCN4CCC[C@@H](CN12)[C@@H]34,COc1ccc(C(C)=O)c(O)c1,4:6,328.15,40.34
[Br-].CCCC[N+](CCCC)(CCCC)CCCC,OCCOCCO,1:2,343.00,35.50
[Cl-].C[N+](C)(C)CCO,OCCCCCCO,1:5.67,331.50,42.00
[Br-].C=CC[P+](c1ccccc1)(c2ccccc2)c3ccccc3,OCCOCCO,1:4,313.15,47.83
[Br-].C[P+](c1ccccc1)(c2ccccc2)c3ccccc3,OCC(O)CO,1:3,328.15,55.95
NCCCN,OCCCCO,1:0.82,293.15,46.02
[Cl-].C[N+](C)(C)CCO,CC(O)CCO,1:19,295.00,34.20
[Br-].CCCC[N+](CCCC)(CCCC)CCCC,CCC(O)=O,1:1,298.15,32.40
CC(C)(C)NCCO.Cl,OCCOCCO,1:3,333.00,45.21
[Cl-].C[N+](C)(C)CCO,OCCO,1:19,279.00,47.80
[Br-].C[P+](c1ccccc1)(c2ccccc2)c3ccccc3,OCCO,1:4,303.15,50.74
[Cl-].C[N+](C)(C)CCO,OCCCCO,1:9,297.00,46.60
[Cl-].C[N+](C)(C)CCO,OCCO,1:4,279.00,50.20
[Cl-].C[N+](C)(C)CCO,CC(O)CCO,1:4,301.00,39.20
[Cl-].C[N+](C)(C)CCO,OC[C@@H](O)[C@@H](O)[C@H](O)[C@@H](O)C=O,2.5:1,293.15,75.00
[Cl-].CCCC[N+](CCCC)(CCCC)CCCC,N[C@@H](CCCNC(N)=N)C(O)=O,7:1,343.15,36.50
[Cl-].CCCC[N+](CCCC)(CCCC)CCCC,N[C@@H](CCC(O)=O)C(O)=O,9:1,353.15,31.20
[Cl-].C[N+](C)(C)CCO,CCC(O)CO,1:9,311.00,31.70
[Br-].C[P+](c1ccccc1)(c2ccccc2)c3ccccc3,CN(CCO)CCO,1:10,343.15,40.58
[Br-].C[P+](c1ccccc1)(c2ccccc2)c3ccccc3,OCCO,1:2,328.15,44.64
NCCCN,OCCCCO,1:0.67,298.15,45.28
OCCOCCOCCOCCOCCO,CNC(C)=O,4:1,318.00,42.73
[Br-].C[P+](c1ccccc1)(c2ccccc2)c3ccccc3,OCCO,1:4,323.15,48.66
O=C1CCC[C@@H]2[C@H]3CCCN4CCC[C@@H](CN12)[C@@H]34,COc1ccc(C(C)=O)c(O)c1,5:5,303.15,43.36
[Cl-].C[N+](C)(C)CCO,OCCCCCCO,1:9,334.50,41.30
[Cl-].C[N+](C)(C)CCO,OCCCCO,1:5.67,303.00,46.40
[Cl-].C[N+](C)(C)CCO,OCCCCCCO,1:5.67,321.50,42.50
CCCC[N+](CCCC)(CCCC)CCCC.O[S]([O-])(=O)=O,CCCC[NH3+],1:1,348.15,39.87
[Cl-].C[N+](C)(C)CCO,OC[C@@H](O)[C@@H](O)[C@H](O)[C@@H](O)C=O,1:1,293.15,73.10
CCC[N+]1(CCCC1)C.C(F)(F)(F)S(=O)(=O)[N-]S(=O)(=O)C(F)(F)F,OCCO,1:2,298.15,38.00
[Br-].CCC[N+](CCC)(CCC)CCC,OCCO,1:4,313.15,45.47
[Cl-].C[N+](C)(C)CCO,OCC(O)CO,1:5.67,323.00,57.60
[Cl-].C[N+](C)(C)CCO,OCC(O)CO,1:2,293.00,55.80
CCCC[N+](CCCC)(CCCC)CCCC.O[S]([O-])(=O)=O,CCCC[NH3+],1:1,338.15,41.68
[Br-].C=CC[P+](c1ccccc1)(c2ccccc2)c3ccccc3,OCCOCCO,1:4,338.15,43.36
[Br-].C[P+](c1ccccc1)(c2ccccc2)c3ccccc3,CN(CCO)CCO,1:16,323.15,40.71
CCC[N+]1(CCCC1)C.C(F)(F)(F)S(=O)(=O)[N-]S(=O)(=O)C(F)(F)F,OCCO,1:4,298.15,38.40
CC(C)C1CCC(C)CC1O,CCCCCCCC(O)=O,3:1,323.61,20.72
CC(C)(C)NCCO.Cl,OCCOCCO,1:3,323.00,56.00
[Br-].CCCC[N+](CCCC)(CCCC)CCCC,NCCO,1:4,348.15,33.90
[Cl-].C[N+](C)(C)CCO,NCCO,1:8,338.15,46.40
O=C1CCC[C@@H]2[C@H]3CCCN4CCC[C@@H](CN12)[C@@H]34,COc1ccc(C(C)=O)c(O)c1,4:6,313.15,42.08
[Cl-].CCCC[N+](CCCC)(CCCC)CCCC,N[C@@H](CCC(O)=O)C(O)=O,8:1,323.15,38.90
[Cl-].C[N+](C)(C)CCO,OCCOCCOCCOCCOCCO,1:5,298.00,48.39
O=C1CCC[C@@H]2[C@H]3CCCN4CCC[C@@H](CN12)[C@@H]34,COc1ccc(C(C)=O)c(O)c1,4:6,318.15,41.49
CC(C)C1CCC(C)CC1O,CCCCCCCC(O)=O,3:1,314.39,21.81
[Cl-].C[N+](C)(C)CCO,NCCO,1:5,318.15,46.90
[Cl-].C[N+](C)(C)CCO,OCCCCO,1:3,299.00,47.40
NCCCN,OCCCCO,1:15.67,303.15,44.45
CC(C)C1CCC(C)CC1O,CCCCCCCC(O)=O,1:3,318.88,20.56
[Cl-].C[N+](C)(C)CCO,OCCOCCOCCOCCOCCOCCOCCOCCOCCOCCO,1:4,298.00,45.62
CC(C)C1CCC(C)CC1O,CCCCCCCC(O)=O,2:1,318.81,19.70
[Cl-].C[N+](C)(C)CCO,OCCO,1:9,283.00,48.60
[Cl-].C[N+](C)(C)CCO,OCCO,1:2.33,279.00,49.20
O=C1CCC[C@@H]2[C@H]3CCCN4CCC[C@@H](CN12)[C@@H]34,COc1ccc(C(C)=O)c(O)c1,3:7,333.15,38.81
[Cl-].C[N+](C)(C)CCO,CCC(O)CO,1:4,305.00,33.70
[Cl-].C[N+](C)(C)CCO,OC[C@@H](O)[C@@H](O)[C@H](O)[C@@H](O)C=O,1:2,308.15,71.11
[Cl-].[Cl-].[Zn++],OCCCCCCO,1:3,299.98,47.11
CC(C)C1CCC(C)CC1O,CCCCCCCC(O)=O,2:1,328.48,19.19
[Cl-].C[N+](C)(C)CCO,OCCCCO,1:19,309.00,45.40
[Cl-].[Cl-].[Zn++],OCCCCCCO,1:3,300.99,46.59
[Cl-].[Cl-].[Zn++],CC(N)=O,1:4,303.00,50.49
[Br-].C[P+](c1ccccc1)(c2ccccc2)c3ccccc3,CN(CCO)CCO,1:16,353.15,39.19
NCCCN,OCCCCO,1:0.09,308.15,40.55
[Br-].C=CC[P+](c1ccccc1)(c2ccccc2)c3ccccc3,OCCOCCOCCO,1:10,313.15,44.33
[Br-].CCCC[N+](CCCC)(CCCC)CCCC,NCCO,1:4,308.15,35.40
[Cl-].CC[NH3+],CC(N)=O,1:1.5,313.15,46.30
[Br-].C[P+](c1ccccc1)(c2ccccc2)c3ccccc3,OCCO,1:4,328.15,48.10
[Cl-].C[N+](C)(C)CCO,CC(O)C(C)O,1:4,295.00,35.40
[Cl-].C[N+](C)(C)CCO,CCC(O)CO,1:9,309.00,31.90
