smiles,smiles,ratio,temperature,value,value,value
[Cl-].CCCC[N+](CCCC)(CCCC)CCCC,CCC(O)=O,1:2,333.15,0.94301,1.4409090820652177,0.10380372095595687
[Cl-].C[N+](C)(C)CCO,OC[C@@H](O)[C@@H](O)[C@H](O)C(=O)CO,2:1,338.15,1.2555,2.7564078725489582,
[Cl-].CCC[N+](CCC)(CCC)Cc1ccccc1,Oc1ccccc1,1:3,313.15,1.04719,2.0293837776852097,-0.17457388223217687
[Cl-].CC(=O)OCC[N+](C)(C)C,[nH]1ccnc1,1:3,333.15,1.1421,1.7628285531890906,
[Cl-].C[N+](C)(C)CCO,OC(=O)CCCC(O)=O,1:1,328.15,1.17,2.5040628826786917,
[Cl-].CC(=O)OCC[N+](C)(C)C,OC[C@@H](O)[C@@H](O)[C@@H](O)C=O,1:1,293.15,1.258,3.354363944353874,
[Cl-].C[N+](C)(CCO)Cc1ccccc1,OC[C@@H](O)[C@@H](O)[C@H](O)C(=O)CO,1:1,308.15,1.233,2.3483438114793698,
[Cl-].C[N+](C)(C)CCO,OC[C@@H](O)[C@@H](O)[C@H](O)C(=O)CO,1:1,338.15,1.249,1.7412304110254708,
[Cl-].CC(=O)OCC[N+](C)(C)C,OC[C@@H](O)[C@@H](O)[C@H](O)[C@H](O)C=O,1:1,323.15,1.256,2.399396792103312,
[Cl-].C[N+](C)(C)CCO,CC(=O)CCC(O)=O,1:2,323.15,1.121,1.759516759462188,0.41995574848975786
[Cl-].C[N+](C)(C)CCO,OCCO,1:2,308.15,1.11094,1.4899584794248346,1.0413926851582251
[Cl-].CC(=O)OCC[N+](C)(C)C,OC[C@@H](O)[C@@H](O)[C@H](O)[C@H](O)C=O,1:1,333.15,1.25,2.119783586161698,
[Cl-].CC(=O)OCC[N+](C)(C)C,[nH]1cncn1,1:1,343.15,1.1081,1.4429498695778618,
[Cl-].CCC[N+](CCC)(CCC)Cc1ccccc1,OCC(O)CO,1:3,313.15,1.12062,2.891983230851967,-0.6575773191777937
[Cl-].C[N+](C)(C)CCO,OC[C@@H](O)[C@@H](O)[C@H](O)C(=O)CO,2:1,348.15,1.2497,2.4553017716570764,
[Cl-].C[N+](C)(CCO)Cc1ccccc1,OC[C@@H](O)[C@@H](O)[C@H](O)[C@@H](O)C=O,1:1,298.15,1.252,3.5107862179228393,
[Cl-].C[N+](C)(C)CCO,Oc1ccc(Cl)cc1,1:2,298.15,1.19877,2.090751689644903,
[Cl-].C[N+](C)(C)CCO,OC[C@@H](O)[C@@H](O)[C@H](O)[C@H](O)C=O,1:1,343.15,1.254,1.7996850909091004,
[Cl-].C[N+](C)(CCO)Cc1ccccc1,OC[C@@H](O)[C@@H](O)[C@H](O)C(=O)CO,1:1,328.15,1.22,1.798097932062486,
[Br-].CCCC[N+](CCCC)(CCCC)CCCC,CC(=O)CCC(O)=O,1:3,313.15,1.0862,1.972573080926555,-0.2596373105057561
[Cl-].CCCC[N+](CCCC)(CCCC)CCCC,OCCO,1:2,333.15,0.96784,1.3873898263387294,0.5037906830571811
CC(O)C(O)=O,OC(=O)[C@@H]1CCCN1,1:1,343.15,1.23014,2.3911116137028023,
[Cl-].CCCC[N+](CCCC)(CCCC)CCCC,OCC(O)CO,1:3,303.15,1.008,2.7634279935629373,-0.5100415205751654
[Cl-].CC(=O)OCC[N+](C)(C)C,[nH]1cncn1,1:1,303.15,1.1293,2.4838582008059147,
[Cl-].CC(=O)OCC[N+](C)(C)C,OC[C@@H](O)[C@@H](O)[C@H](O)[C@@H](O)C=O,1:1,343.15,1.235,1.69810054562339,
[Cl-].C[N+](C)(C)CCO,OCCO,1:2,313.15,1.10811,1.4116197059632303,1.1115985248803941
[Br-].C[P+](c1ccccc1)(c2ccccc2)c3ccccc3,OCCO,1:4,298.15,1.2326,2.040602340114073,-0.10347378251044466
[Cl-].C[N+](C)(C)CCO,OCCO,1:2,333.15,1.09687,1.1522883443830565,1.352761191723831
[Cl-].C[N+](C)(C)CCO,OC[C@@H](O)[C@H](O)[C@@H](O)C=O,1:1,333.15,1.238,1.97913846954681,
CC(=O)CCC(O)=O,C[N+](C)(C)CC([O-])=O,2:1,343.15,1.12657,1.8260748027008264,
[Br-].C[P+](c1ccccc1)(c2ccccc2)c3ccccc3,NC(=O)C(F)(F)F,1:8,308.15,1.3837,1.8530895298518655,0.26030994579492
[Cl-].CCC[N+](CCC)(CCC)Cc1ccccc1,OCCO,1:3,323.15,1.04519,1.73559889969818,0.3010299956639812
[Cl-].CCC[N+](CCC)(CCC)Cc1ccccc1,OCC(O)CO,1:3,323.15,1.11445,2.5553363279952666,-0.42712839779951983
[Cl-].CC(=O)OCC[N+](C)(C)C,[nH]1ccnc1,1:2,343.15,1.0987,1.0557604646877348,
[Cl-].C[N+](C)(C)CCO,OC[C@@H](O)[C@H](O)[C@@H](O)C=O,1:1,318.15,1.246,2.3480321261824866,
[Cl-].C[N+](C)(C)CCO,OCC(O)CO,1:2,293.15,1.1943,2.6748309318891943,
[Cl-].CCCC[N+](CCCC)(CCCC)CCCC,OC(=O)Cc1ccccc1,1:2,313.15,1.03059,2.0382226383687185,-0.4962093169428189
[Cl-].C[N+](C)(C)CCO,OC[C@@H](O)[C@@H](O)[C@H](O)[C@H](O)C=O,1:1,318.15,1.267,2.388278863459639,
[Cl-].CC(=O)OCC[N+](C)(C)C,OC[C@@H](O)[C@@H](O)[C@@H](O)C=O,1:1,308.15,1.249,2.7425916025299224,
[Cl-].CC(=O)OCC[N+](C)(C)C,OC[C@@H](O)[C@@H](O)[C@H](O)C(=O)CO,1:1,338.15,1.237,1.7344797894255772,
[Cl-].CCC[N+](CCC)(CCC)Cc1ccccc1,CC(O)C(O)=O,1:3,333.15,1.0921,2.177824971864682,-0.5734887386354247
[Cl-].C[N+](C)(C)CCO,OC[C@@H](O)[C@@H](O)[C@H](O)C(=O)CO,2:1,328.15,1.2612,3.1009561030594925,
[Cl-].C[N+](C)(C)CCO,OCC(O)=O,1:1,353.15,1.164,1.5900612308037425,
[Cl-].CCCC[N+](CCCC)(CCCC)CCCC,CCC(O)=O,1:2,338.15,0.93973,1.3579348470004537,0.1565491513317813
[Cl-].CCCC[N+](CCCC)(CCCC)CCCC,OCCO,1:4,313.15,1.132,1.5700757053216041,-2.4509967379742124
[Cl-].CC(=O)OCC[N+](C)(C)C,OC[C@@H](O)[C@@H](O)[C@H](O)[C@@H](O)C=O,1:1,328.15,1.244,2.0402066275747113,
[Cl-].C[N+](C)(C)CCO,NC(N)=O,1:2,353.15,1.1635,1.4487882253752369,
CC(=O)CCC(O)=O,C[N+](C)(C)CC([O-])=O,2:1,323.15,1.14059,2.288249225571986,
[Cl-].CCCC[N+](CCCC)(CCCC)CCCC,CCC(O)=O,1:2,323.15,0.94951,1.6180480967120927,-0.010995384301463193
Cl.CN(C)C,CC(=O)CCC(O)=O,1:3,343.15,1.07799,,0.9175055095525466
[Br-].CCCC[N+](CCCC)(CCCC)CCCC,CC(=O)CCC(O)=O,1:3,328.15,1.07566,,0.06069784035361165
[Cl-].CCC[N+](CCC)(CCC)Cc1ccccc1,Oc1ccccc1,1:3,343.15,1.02764,1.3096301674258988,0.2631624649622167
[Cl-].CCCC[N+](CCCC)(CCCC)CCCC,CC(=O)CCC(O)=O,1:3,323.15,1.01307,1.4058583993176366,0.11058971029924898
[Br-].CCCCCC[N+](CCCCCC)(CCCCCC)CCCCCC,OCCO,1:2,338.15,0.9789,1.4668676203541096,
[Cl-].C[N+](C)(CCO)Cc1ccccc1,OC[C@@H](O)[C@H](O)[C@@H](O)C=O,1:1,318.15,1.212,2.430333103380032,
[Br-].C[P+](c1ccccc1)(c2ccccc2)c3ccccc3,OCCO,1:4,278.15,,2.537819095073274,-0.43062609038495414
[Cl-].C[N+](C)(C)CCO,OC[C@@H](O)[C@@H](O)[C@H](O)[C@@H](O)C=O,1:1,313.15,1.265,2.680272041942144,
[Cl-].C[N+](C)(C)CCO,OC[C@@H](O)[C@H](O)[C@@H](O)C=O,1:1,343.15,1.232,1.7733475419808231,
CC(O)C(O)=O,OC(=O)[C@@H]1CCCN1,1:1,333.15,1.23701,2.6743098889414774,
[Cl-].C[N+](C)(C)CCO,OC[C@@H](O)[C@@H](O)[C@H](O)C(=O)CO,1:1,348.15,1.242,1.5488805626375148,
CC(O)C(O)=O,C[N+](C)(C)CC([O-])=O,5:1,308.15,1.19724,2.0806264869218056,
[Br-].CCCC[N+](CCCC)(CCCC)CCCC,CC(=O)CCC(O)=O,1:3,293.15,1.10089,2.5757649805367193,-0.8239087409443188
[Cl-].CCCC[N+](CCCC)(CCCC)CCCC,OCC(O)CO,1:3,323.15,0.995,2.1958996524092336,-0.10734896612269966
[Cl-].CCCC[N+](CCCC)(CCCC)CCCC,OCCOCCOCCO,3:1,293.15,0.996,,-1.6560009309428387
[Cl-].C[N+](C)(C)CCO,Oc1ccccc1,1:5,318.2,1.0736,1.0515383905153275,0.8426092396105621
CC(=O)CCC(O)=O,C[N+](C)(C)CC([O-])=O,2:1,293.15,1.1619,,
[Cl-].C[N+](C)(C)CCO,OC[C@@H](O)[C@H](O)[C@@H](O)C=O,1:1,328.15,1.24,2.0929310756735524,
[Cl-].CCCC[N+](CCCC)(CCCC)CCCC,OCCOCCOCCO,1:1,353.15,0.991,1.6503075231319364,0.16849748352303268
[Cl-].CCCC[N+](CCCC)(CCCC)CCCC,CCC(O)=O,1:2,308.15,0.95938,1.9410142437055697,-0.21538270736712464
[Cl-].C[N+](C)(CCO)Cc1ccccc1,OC[C@@H](O)[C@@H](O)[C@H](O)C(=O)CO,1:1,303.15,1.236,2.5128710920393234,
[Cl-].CCCC[N+](CCCC)(CCCC)CCCC,OC(=O)Cc1ccccc1,1:2,338.15,1.01431,1.5211380837040362,-0.1366771398795441
[Br-].C[P+](c1ccccc1)(c2ccccc2)c3ccccc3,OCC(O)CO,1:1.75,358.15,1.248,1.8887409606828927,0.38381536598043126
[Cl-].CC[N+](CC)(CC)CC,CC(=O)CCC(O)=O,1:3,303.15,1.0903,1.8439176380063924,0.13987908640123647
[Cl-].C[N+](C)(C)CCO,OC(=O)CCCC(O)=O,1:1,333.15,1.167,2.397418542351348,
[Br-].C[P+](c1ccccc1)(c2ccccc2)c3ccccc3,OCC(O)CO,1:1.75,338.15,1.2619,2.313234291694724,0.10346162209470475
[Cl-].CCCC[N+](CCCC)(CCCC)CCCC,CCC(O)=O,1:2,318.15,0.95283,1.7185016888672742,-0.0721165896692931
[Br-].CCCCCC[N+](CCCCCC)(CCCCCC)CCCCCC,OCCO,1:2,318.15,0.9919,1.808885867359812,
[Cl-].C[N+](C)(C)CCO,Oc1ccc(Cl)cc1,1:2,318.15,1.1816,1.6428600525844914,
[Cl-].CC(=O)OCC[N+](C)(C)C,OC[C@@H](O)[C@@H](O)[C@H](O)[C@@H](O)C=O,1:1,338.15,1.238,1.8035936647713446,
[Cl-].C[N+](C)(C)CCO,OC(=O)C(O)=O,1:1,308.15,1.252,3.52270499273475,
[Cl-].C[N+](C)(C)CCO,OCCO,1:2,318.15,1.10529,1.3404441148401183,1.177536499929862
[Cl-].CC(=O)OCC[N+](C)(C)C,OC[C@@H](O)[C@@H](O)[C@H](O)[C@@H](O)C=O,1:1,333.15,1.241,1.9174004679552508,
[Cl-].C[N+](C)(C)CCO,OC[C@@H](O)[C@@H](O)[C@H](O)[C@H](O)C=O,1:1,308.15,1.272,2.6862876214364397,
[Cl-].CCCC[N+](CCCC)(CCCC)CCCC,OCC(O)CO,1:4,303.15,1.023,2.6776981814745104,-0.44611697335612566
[Cl-].C[N+](C)(C)CCO,OC[C@@H](O)[C@@H](O)[C@H](O)C(=O)CO,2.5:1,318.15,1.2485,3.6495003654268197,
CC(=O)CCC(O)=O,OC(=O)[C@@H]1CCCN1,2:1,298.15,1.19725,,
[Br-].CCCCCC[N+](CCCCCC)(CCCCCC)CCCCCC,OCC(O)CO,1:2,298.15,1.0426,2.910090545594068,
[Cl-].CCCC[N+](CCCC)(CCCC)CCCC,OCCOCCOCCO,2:1,303.15,1.001,3.1458177144918276,-0.8259401922749746
[Br-].C[P+](c1ccccc1)(c2ccccc2)c3ccccc3,OCC(O)CO,1:1.75,288.15,,,-1.0830199526796178
CC(=O)CCC(O)=O,C[N+](C)(C)CC([O-])=O,2:1,328.15,1.13707,2.16345955176999,
[Cl-].C[N+](C)(C)CCO,Oc1ccccc1,1:6,298.2,1.0852,1.3310221710418286,0.5289167002776547
[Cl-].C[N+](C)(C)CCO,OCCO,1:2,353.15,1.08579,0.9439888750737718,1.5439439424829065
[Cl-].CC(=O)OCC[N+](C)(C)C,CC(=O)CCC(O)=O,1:3,293.15,1.1444,2.2162187008371377,-0.2924298239020636
[Cl-].C[N+](C)(C)CCO,OCC(O)=O,1:1,313.15,1.186,2.339650157613684,
[Cl-].C[N+](C)(CCO)Cc1ccccc1,OC[C@@H](O)[C@@H](O)[C@H](O)[C@H](O)C=O,1:1,338.15,1.237,2.3444512236861383,
[Br-].C[P+](c1ccccc1)(c2ccccc2)c3ccccc3,OCC(O)CO,1:1.75,328.15,1.2688,2.617943434828973,-0.04527520902093701
[Cl-].C[N+](C)(C)CCO,Oc1ccccc1,1:2,308.15,1.08663,1.7623033632877683,0.5276299008713387
[Cl-].CC(=O)OCC[N+](C)(C)C,OC[C@@H](O)[C@H](O)[C@@H](O)C=O,1:1,328.15,1.235,2.2637543888400056,
[Cl-].CC(=O)OCC[N+](C)(C)C,OC[C@@H](O)[C@H](O)[C@@H](O)C=O,1:1,303.15,1.251,3.1259689630925562,
[Cl-].CC[N+](CC)(CC)CC,CC(=O)CCC(O)=O,1:3,308.15,1.08664,,0.2355284469075489
[Cl-].C[N+](C)(C)CCO,Oc1ccccc1,1:4,313.2,1.0795,1.2229764498933913,0.7795964912578245
[Cl-].C[N+](C)(C)CCO,OC(=O)C(O)=O,1:1,328.15,1.238,2.8332746392905634,
[Br-].C[P+](c1ccccc1)(c2ccccc2)c3ccccc3,NC(=O)C(F)(F)F,1:8,278.15,,2.8180278418592564,-0.8719239873312846
[Cl-].C[N+](C)(CCO)Cc1ccccc1,OC[C@@H](O)[C@@H](O)[C@H](O)C(=O)CO,1:1,323.15,1.224,1.92147838037569,
[Cl-].C[N+](C)(C)CCO,OC[C@@H](O)[C@@H](O)[C@H](O)[C@H](O)C=O,1:1,333.15,1.259,2.0121198358045134,
[Cl-].CC(=O)OCC[N+](C)(C)C,OC[C@@H](O)[C@@H](O)[C@H](O)[C@H](O)C=O,1:1,313.15,1.262,2.7288648933391975,
[Br-].CCCCCC[N+](CCCCCC)(CCCCCC)CCCCCC,OCC(O)CO,1:2,318.15,1.0295,2.3326404103874627,
[Cl-].C[N+](C)(C)CCO,Cc1ccc(O)cc1,1:2,333.15,1.03977,1.2922560713564761,
[Cl-].C[N+](C)(C)CCO,OCC(O)=O,1:1,333.15,1.175,1.9181352261663591,
[Cl-].CC(=O)OCC[N+](C)(C)C,OC[C@@H](O)[C@@H](O)[C@@H](O)C=O,1:1,303.15,1.252,2.9294138163373917,
[Cl-].CCCC[N+](CCCC)(CCCC)CCCC,OCCO,1:2,318.15,0.97703,1.6503075231319364,0.359835482339888
[Cl-].C[N+](C)(C)CCO,OC(=O)C(O)=O,1:1,313.15,1.248,3.330819466495837,
[Cl-].C[N+](C)(C)CCO,OC[C@@H](O)[C@@H](O)[C@H](O)[C@H](O)C=O,1:1,303.15,1.275,2.8519490003385286,
[Cl-].CCCC[N+](CCCC)(CCCC)CCCC,OCC(O)CO,1:3,313.15,1.001,2.467312062980552,-0.3142582613977364
[Cl-].C[N+](C)(CCO)Cc1ccccc1,OC[C@@H](O)[C@H](O)[C@@H](O)C=O,1:1,353.15,1.192,1.5931752634781027,
[Cl-].C(c1ccccc1)[P+](c2ccccc2)(c3ccccc3)c4ccccc4,OCC(O)CO,1:5,338.15,,2.530583859645118,-1.728158393463501
[Cl-].C[N+](C)(CCO)Cc1ccccc1,OC[C@@H](O)[C@H](O)[C@@H](O)C=O,1:1,298.15,1.224,3.1438170349765744,
[Cl-].C[N+](C)(CCO)Cc1ccccc1,OC[C@@H](O)[C@@H](O)[C@H](O)[C@H](O)C=O,1:1,293.15,1.262,4.066127185510481,
[Cl-].C[N+](C)(C)CCO,Oc1ccccc1,1:2,298.15,1.09481,1.999174055588485,0.31175386105575426
[Br-].CCCCCC[N+](CCCCCC)(CCCCCC)CCCCCC,OCC(O)CO,1:2,323.15,1.0263,2.210853365314893,
[Br-].CCCCCC[N+](CCCCCC)(CCCCCC)CCCCCC,OCC(O)CO,1:2,303.15,1.0393,2.7535830588929064,
[Cl-].CC(=O)OCC[N+](C)(C)C,[nH]1ccnc1,1:2,303.15,1.1206,2.0142264293892294,
[Cl-].CC(=O)OCC[N+](C)(C)C,OC[C@@H](O)[C@H](O)[C@@H](O)C=O,1:1,323.15,1.238,2.4084604495008644,
[Cl-].CC(=O)OCC[N+](C)(C)C,[nH]1ccnc1,1:1.5,333.15,1.1092,1.547651658359969,
[Cl-].CC(=O)OCC[N+](C)(C)C,CC(=O)CCC(O)=O,1:3,308.15,1.13301,,0.04921802267018165
[Cl-].CC[N+](CC)(CC)CC,CC(=O)CCC(O)=O,1:3,333.15,1.0692,1.2720737875000099,0.6560982020128319
[Cl-].CCCC[N+](CCCC)(CCCC)CCCC,OCCO,1:2,293.15,0.99232,2.205745540942662,0.05230909964732344
[Cl-].CC(=O)OCC[N+](C)(C)C,OC[C@@H](O)[C@@H](O)[C@H](O)C(=O)CO,1:1,328.15,1.244,1.9670328821587024,
[Br-].C[P+](c1ccccc1)(c2ccccc2)c3ccccc3,OCCO,1:4,288.15,,2.269746373130767,-0.2596373105057561
CC(=O)CCC(O)=O,C[N+](C)(C)CC([O-])=O,2:1,338.15,1.13006,1.9283958522567137,
Cl.CN(C)C,CC(=O)CCC(O)=O,1:3,333.15,1.08536,1.1038037209559568,0.8061799739838872
[Cl-].CCC[N+](CCC)(CCC)Cc1ccccc1,OCC(O)CO,1:3,303.15,1.12692,3.2765766816985544,-0.9318141382538383
[Cl-].C[N+](C)(C)CCO,OC[C@@H](O)[C@H](O)[C@@H](O)C=O,1:1,298.15,1.257,2.9662074588220126,
[Cl-].C[N+](C)(C)CCO,OC[C@@H](O)[C@@H](O)[C@H](O)C(=O)CO,2.5:1,308.15,1.2537,3.9322992000405836,
[Br-].CC[N+](CC)(CC)CC,CC(=O)CCC(O)=O,1:3,303.15,1.16985,1.8863779067585722,0.12057393120584989
[Cl-].CC(=O)OCC[N+](C)(C)C,[nH]1ccnc1,1:3,323.15,1.1456,1.994756944587628,
[Cl-].C[N+](C)(C)CCO,Oc1ccccc1,1:3,303.2,1.089,1.5461723683169426,0.5888317255942073
[Cl-].C[N+](C)(C)CCO,OC[C@@H](O)[C@@H](O)[C@H](O)[C@@H](O)C=O,1:1,308.15,1.267,2.841622220469927,
[Cl-].CC(=O)OCC[N+](C)(C)C,OC[C@@H](O)[C@@H](O)[C@H](O)C(=O)CO,1:1,318.15,1.25,2.23724203998423,
CC(O)C(O)=O,C[N+](C)(C)CC([O-])=O,5:1,303.15,1.20118,2.2245330626060857,
[Cl-].C[N+](C)(CCO)Cc1ccccc1,OC[C@@H](O)[C@H](O)[C@@H](O)C=O,1:1,333.15,1.204,2.019240950395851,
[Cl-].C[N+](C)(CCO)Cc1ccccc1,OC[C@@H](O)[C@@H](O)[C@H](O)[C@@H](O)C=O,1:1,353.15,1.22,1.7641761323903307,
[Cl-].C[N+](C)(C)CCO,OC(=O)CCCC(O)=O,1:1,348.15,1.158,2.1095785469043866,
[Cl-].C[N+](C)(CCO)Cc1ccccc1,OC[C@@H](O)[C@@H](O)[C@@H](O)C=O,1:1,293.15,1.246,3.8193510923042586,
[Cl-].C[N+](C)(C)CCO,OC(=O)CC(O)=O,1:1,348.15,1.201,1.9852467908028617,
[Cl-].C[N+](C)(C)CCO,OC(=O)CC(O)=O,1:1,303.15,1.228,2.9925093350677754,-1.1354889189416082
[Cl-].CCC[N+](CCC)(CCC)Cc1ccccc1,OCC(O)CO,1:3,343.15,1.10217,1.9867717342662448,-0.04866248120408232
[Cl-].C[N+](C)(CCO)Cc1ccccc1,OC[C@@H](O)[C@@H](O)[C@@H](O)C=O,1:1,308.15,1.237,3.152349508312726,
[Cl-].C[N+](C)(C)CCO,NC(N)=O,1:2,343.15,1.1708,1.6228478995864934,
[Cl-].CCCC[N+](CCCC)(CCCC)CCCC,OCCOCCOCCO,1:1,293.15,1.027,2.9395192526186187,-0.8572977542623844
[Cl-].CCCC[N+](CCCC)(CCCC)CCCC,OCCOCCOCCO,3:1,333.15,0.972,2.655234507034294,-0.6635402661514705
[Cl-].CC(=O)OCC[N+](C)(C)C,[nH]1ccnc1,1:2,363.15,1.0895,0.6201360549737575,
[Cl-].CC(=O)OCC[N+](C)(C)C,OC[C@@H](O)[C@@H](O)[C@@H](O)C=O,1:1,348.15,1.223,1.6838572054003464,
[Cl-].CCCC[N+](CCCC)(CCCC)CCCC,OCC(O)CO,1:5,353.15,1,1.505149978319906,0.3463529744506387
[Cl-].C[N+](C)(C)CCO,OC[C@@H](O)[C@@H](O)[C@H](O)C(=O)CO,2.5:1,358.15,1.2269,2.26150077319828,
[Cl-].CCCC[N+](CCCC)(CCCC)CCCC,OCC(O)CO,1:3,353.15,0.976,1.5646660642520893,0.38021124171160603
[Cl-].C[N+](C)(CCO)Cc1ccccc1,OC[C@@H](O)[C@@H](O)[C@H](O)[C@H](O)C=O,1:1,333.15,1.24,2.4918517497214157,
[Cl-].C[N+](C)(C)CCO,OC[C@@H](O)[C@@H](O)[C@H](O)C(=O)CO,2.5:1,338.15,1.2379,2.7891574919114395,
[Cl-].CC(=O)OCC[N+](C)(C)C,OC[C@@H](O)[C@@H](O)[C@@H](O)C=O,1:1,313.15,1.245,2.570554614307831,
[Cl-].CCCC[N+](CCCC)(CCCC)CCCC,OCCOCCOCCO,2:1,353.15,0.97,1.9604707775342989,-0.036212172654444715
CC(O)C(O)=O,C[N+](C)(C)CC([O-])=O,5:1,323.15,1.18544,1.7041505168397992,
[Cl-].CC(=O)OCC[N+](C)(C)C,OC[C@@H](O)[C@@H](O)[C@H](O)C(=O)CO,1:1,308.15,1.257,2.5533124889002417,
[Cl-].CCCC[N+](CCCC)(CCCC)CCCC,CC(=O)CCC(O)=O,1:3,343.15,0.99891,,0.37657695705651195
Cl.CN(C)C,CC(=O)CCC(O)=O,1:3,338.15,1.08183,,0.8645110810583919
[Br-].CCCCCC[N+](CCCCCC)(CCCCCC)CCCCCC,OCCO,1:2,293.15,1.0078,2.36078268987328,
[Cl-].CC(=O)OCC[N+](C)(C)C,OC[C@@H](O)[C@@H](O)[C@@H](O)C=O,1:1,298.15,1.255,3.1329317492149147,
[Cl-].CCCC[N+](CCCC)(CCCC)CCCC,OCC(O)CO,1:4,353.15,0.991,1.3979400086720377,0.42160392686983106
[Cl-].CC(=O)OCC[N+](C)(C)C,[nH]1cncn1,1:1,353.15,1.1037,1.161667412437736,
[Cl-].CC(=O)OCC[N+](C)(C)C,CC(=O)CCC(O)=O,1:3,303.15,1.13687,1.933892035764211,-0.06550154875643228
[Cl-].C[N+](C)(C)CCO,OC[C@@H](O)[C@@H](O)[C@H](O)C(=O)CO,1:1,298.15,1.272,2.8144740092854286,
CC(O)C(O)=O,C[N+](C)(C)CC([O-])=O,5:1,318.15,1.18937,1.816241299991783,
[Cl-].CCC[N+](CCC)(CCC)Cc1ccccc1,Oc1ccccc1,1:3,328.15,1.03737,1.6344772701607315,0.07114529045108281
[Cl-].C[N+](C)(CCO)Cc1ccccc1,OC[C@@H](O)[C@H](O)[C@@H](O)C=O,1:1,308.15,1.218,2.7603169129063683,
[Br-].CCCCCC[N+](CCCCCC)(CCCCCC)CCCCCC,OCCO,1:2,308.15,0.9983,2.010299956639812,
[Cl-].CCCC[N+](CCCC)(CCCC)CCCC,OCC(O)CO,1:4,323.15,1.01,2.0633333589517497,-0.06398920428479041
[Cl-].CC(=O)OCC[N+](C)(C)C,OC[C@@H](O)[C@@H](O)[C@H](O)[C@H](O)C=O,1:1,293.15,1.275,3.582487218423633,
[Cl-].CCCC[N+](CCCC)(CCCC)CCCC,OCCO,1:2,328.15,0.97085,1.469822015978163,0.4578818967339923
[Cl-].C[N+](C)(C)CCO,OCC(O)=O,1:1,318.15,1.183,2.2227164711475833,
[Cl-].CCC[N+](CCC)(CCC)Cc1ccccc1,OCC(O)CO,1:3,308.15,1.12381,3.0717347638797605,-0.7958800173440752
[Cl-].CCC[N+](CCC)(CCC)Cc1ccccc1,CC(O)C(O)=O,1:3,338.15,1.08854,2.0354297381845483,-0.4559319556497244
[Cl-].CC(=O)OCC[N+](C)(C)C,OC[C@@H](O)[C@@H](O)[C@H](O)[C@@H](O)C=O,1:1,313.15,1.253,2.4730195783660998,
[Cl-].C[N+](C)(C)CCO,Oc1ccc(Cl)cc1,1:2,328.15,1.17282,1.458939861890326,
[Cl-].C[N+](C)(C)CCO,OC[C@@H](O)[C@@H](O)[C@H](O)C(=O)CO,2.5:1,328.15,1.2433,3.1029479680053735,
[Br-].CCCC[N+](CCCC)(CCCC)CCCC,CC(=O)CCC(O)=O,1:3,333.15,1.07205,1.5295586730211632,0.14921911265537988
[Cl-].CCCC[N+](CCCC)(CCCC)CCCC,CCC(O)=O,1:2,293.15,0.96918,2.3283796034387376,-0.46470587995722945
[Cl-].C[N+](C)(C)CCO,OCC(O)CO,1:2,283.15,1.2001,3.0017089694304824,
[Cl-].CC(=O)OCC[N+](C)(C)C,CC(=O)CCC(O)=O,1:3,333.15,1.11441,1.3318320444362486,0.5250448070368452
[Cl-].CCCC[N+](CCCC)(CCCC)CCCC,OCCOCCOCCO,4:1,353.15,0.955,1.9995654882259823,-0.563837352959244
[Cl-].C[N+](C)(C)CCO,Oc1ccccc1,1:3,318.2,1.0795,1.2819419334408249,0.8305886686851442
[Cl-].C[N+](C)(CCO)Cc1ccccc1,OC[C@@H](O)[C@@H](O)[C@H](O)C(=O)CO,1:1,338.15,1.214,1.577836341292744,
[Cl-].CCCC[N+](CCCC)(CCCC)CCCC,OCCOCCOCCO,3:1,323.15,0.978,2.9586116577648793,-0.8124792791635369
[Br-].CC[N+](CC)(CC)CC,CC(=O)CCC(O)=O,1:3,323.15,1.15456,1.4595432582804129,0.4899584794248346
[Cl-].CC(=O)OCC[N+](C)(C)C,OC[C@@H](O)[C@@H](O)[C@H](O)[C@H](O)C=O,1:1,298.15,1.272,3.3404500640388486,
[Cl-].CCCC[N+](CCCC)(CCCC)CCCC,OCCOCCOCCO,4:1,333.15,0.968,2.614053105987219,-0.5985994592184559
CC(=O)CCC(O)=O,OC(=O)[C@@H]1CCCN1,2:1,308.15,1.18976,2.8035253955765325,
[Cl-].C[N+](C)(CCO)Cc1ccccc1,OC[C@@H](O)[C@@H](O)[C@@H](O)C=O,1:1,343.15,1.215,2.0561804233421404,
[Cl-].C[N+](C)(C)CCO,OC[C@@H](O)[C@H](O)[C@@H](O)C=O,1:1,313.15,1.248,2.486954433328225,
[Cl-].C[N+](C)(C)CCO,OC[C@@H](O)[C@@H](O)[C@H](O)C(=O)CO,1.5:1,348.15,1.2759,2.5478977175630972,
[Cl-].CC(=O)OCC[N+](C)(C)C,OC[C@@H](O)[C@@H](O)[C@H](O)[C@H](O)C=O,1:1,353.15,1.238,1.6748611407378116,
CC(=O)CCC(O)=O,OC(=O)[C@@H]1CCCN1,2:1,323.15,1.17869,2.3416323357780544,
CC(=O)CCC(O)=O,C[N+](C)(C)CC([O-])=O,2:1,308.15,1.15116,2.757623745908389,
[Cl-].CCC[N+](CCC)(CCC)Cc1ccccc1,OCCO,1:3,343.15,1.03288,1.3463529744506386,0.5158738437116791
[Cl-].CCCC[N+](CCCC)(CCCC)CCCC,OCCOCCOCCO,2:1,333.15,0.983,2.4217684012069243,-0.17005330405836405
[Cl-].CC(=O)OCC[N+](C)(C)C,OC[C@@H](O)[C@@H](O)[C@H](O)C(=O)CO,1:1,343.15,1.233,1.6312407802355091,
[Cl-].CC(=O)OCC[N+](C)(C)C,[nH]1ccnc1,1:2,313.15,1.1141,1.7175040747642019,
[Cl-].C[N+](C)(CCO)Cc1ccccc1,OC[C@@H](O)[C@@H](O)[C@H](O)[C@@H](O)C=O,1:1,303.15,1.25,3.2865238318155052,
[Cl-].CCCC[N+](CCCC)(CCCC)CCCC,OCCOCCOCCO,1:1,323.15,1.009,2.2211533219547053,-0.2596373105057561
[Cl-].CCC[N+](CCC)(CCC)Cc1ccccc1,OCC(O)CO,1:3,298.15,1.12997,,-1.0705810742857071
[Cl-].C[N+](C)(CCO)Cc1ccccc1,OC[C@@H](O)[C@@H](O)[C@@H](O)C=O,1:1,298.15,1.243,3.5772274661539054,
[Cl-].C[N+](C)(C)CCO,OC[C@@H](O)[C@@H](O)[C@H](O)C(=O)CO,1:1,293.15,1.275,2.9979714575308813,
[Cl-].C[N+](C)(C)CCO,OC(=O)CCCC(O)=O,1:1,318.15,1.176,2.738384123512156,
[Cl-].CC(=O)OCC[N+](C)(C)C,OC[C@@H](O)[C@H](O)[C@@H](O)C=O,1:1,348.15,1.223,1.78738962135211,
[Cl-].C[N+](C)(C)CCO,OCCO,1:2,358.15,1.08303,,
[Cl-].CC(=O)OCC[N+](C)(C)C,[nH]1ccnc1,1:2,333.15,1.1026,1.3322364154914432,
[Cl-].CCCC[N+](CCCC)(CCCC)CCCC,OC(=O)Cc1ccccc1,1:2,293.15,1.04355,2.6340740254874686,-0.9157813132607613
[Cl-].C[N+](C)(CCO)Cc1ccccc1,OC[C@@H](O)[C@@H](O)[C@H](O)[C@H](O)C=O,1:1,308.15,1.255,3.42453373519838,
[Cl-].C[N+](C)(C)CCO,OCCO,1:2,363.15,1.08028,0.8518696007297664,1.6255182289716377
[Cl-].C[N+](C)(C)CCO,OCCO,1:2,343.15,1.09131,1.0413926851582251,1.453624073591451
[Cl-].CCCC[N+](CCCC)(CCCC)CCCC,OCCOCCOCCO,3:1,343.15,0.966,2.388633969351789,-0.549750891680639
[Br-].CCCCCC[N+](CCCCCC)(CCCCCC)CCCCCC,OCC(O)CO,1:2,308.15,1.036,2.60422605308447,
[Cl-].C[N+](C)(C)CCO,OCC(O)CO,1:2,363.15,1.1495,1.2919590541983488,
[Cl-].C[N+](C)(C)CCO,OC[C@@H](O)[C@@H](O)[C@H](O)[C@@H](O)C=O,1:1,348.15,1.246,1.8112397727532894,
[Cl-].CC[N+](CC)(CC)CC,CC(=O)CCC(O)=O,1:3,338.15,1.06574,,0.7193312869837266
[Cl-].C(c1ccccc1)[P+](c2ccccc2)(c3ccccc3)c4ccccc4,OCC(O)CO,1:5,328.15,,2.7432745235119333,-0.7883455994468176
[Cl-].C[N+](C)(C)CCO,OC[C@H](O)[C@@H](O)[C@H](O)[C@H](O)CO,1:1,303.15,1.2794,4.13786028215286,-1.198596289982645
[Cl-].C[N+](C)(CCO)Cc1ccccc1,OC[C@@H](O)[C@H](O)[C@@H](O)C=O,1:1,328.15,1.207,2.146252102092995,
[Br-].CCCCCC[N+](CCCCCC)(CCCCCC)CCCCCC,OCC(O)CO,1:2,338.15,1.0168,1.8904210188009143,
[Br-].CCCC[N+](CCCC)(CCCC)CCCC,CC(=O)CCC(O)=O,1:3,308.15,1.08987,,-0.37675070960209955
CC(=O)CCC(O)=O,OC(=O)[C@@H]1CCCN1,2:1,338.15,1.16768,1.975431808509263,
[Cl-].C[N+](C)(CCO)Cc1ccccc1,OC[C@@H](O)[C@@H](O)[C@H](O)[C@H](O)C=O,1:1,348.15,1.231,2.080482179068043,
[Br-].C[P+](c1ccccc1)(c2ccccc2)c3ccccc3,OCC(O)CO,1:1.75,318.15,1.2759,2.9479725792457803,-0.2557070168773237
[Br-].CCCC[N+](CCCC)(CCCC)CCCC,CC(=O)CCC(O)=O,1:3,323.15,1.07877,1.727378569451489,-0.036212172654444715
[Cl-].CC(=O)OCC[N+](C)(C)C,OC[C@@H](O)[C@@H](O)[C@@H](O)C=O,1:1,353.15,1.219,1.5920656704322471,
[Cl-].CC(=O)OCC[N+](C)(C)C,CC(=O)CCC(O)=O,1:3,323.15,1.12182,1.4994121256722754,0.36172783601759284
[Cl-].C[N+](C)(C)CCO,OCCCCO,1:4,303.15,1.041,1.6720978579357175,0.38560627359831223
[Br-].CC[N+](CC)(CC)CC,CC(=O)CCC(O)=O,1:3,298.15,1.17362,,-0.00877392430750515
[Cl-].CCC[N+](CCC)(CCC)Cc1ccccc1,CC(O)C(O)=O,1:3,313.15,1.10636,2.8923729073984363,-1.1487416512809248
CC(=O)CCC(O)=O,OC(=O)[C@@H]1CCCN1,2:1,303.15,1.19351,2.9800033715837464,
[Cl-].C[N+](C)(C)CCO,OC[C@@H](O)[C@@H](O)[C@H](O)C(=O)CO,1:1,303.15,1.269,2.6461389513735196,
[Cl-].C[N+](C)(CCO)Cc1ccccc1,OC[C@@H](O)[C@@H](O)[C@H](O)[C@@H](O)C=O,1:1,318.15,1.241,2.705607163404605,
CC(O)C(O)=O,OC(=O)[C@@H]1CCCN1,1:1,313.15,1.25105,,
[Cl-].C[N+](C)(C)CCO,OC[C@@H](O)[C@H](O)[C@@H](O)C=O,1:1,348.15,1.229,1.679609571779756,
[Cl-].C[N+](C)(C)CCO,OC[C@@H](O)[C@@H](O)[C@H](O)C(=O)CO,1.5:1,328.15,1.2873,3.104179718720652,
Cl.CN(C)C,CC(=O)CCC(O)=O,1:3,293.15,1.11585,1.869349080759093,0.13033376849500614
[Cl-].C[N+](C)(C)CCO,OC[C@@H](O)[C@H](O)[C@@H](O)C=O,1:1,353.15,1.227,1.5919545550467356,
[Cl-].C[N+](C)(CCO)Cc1ccccc1,OC[C@@H](O)[C@@H](O)[C@H](O)[C@@H](O)C=O,1:1,348.15,1.223,1.8709888137605752,
[Cl-].CCC[N+](CCC)(CCC)Cc1ccccc1,OCC(O)CO,1:3,328.15,1.11139,2.400710636773231,-0.3187587626244128
[Cl-].C[N+](C)(C)CCO,OC[C@@H](O)[C@@H](O)[C@H](O)C(=O)CO,2.5:1,348.15,1.2324,2.512550992904211,
[Br-].C[P+](c1ccccc1)(c2ccccc2)c3ccccc3,OCCO,1:4,348.15,1.1972,0.25527250510330607,0.4548448600085102
CC(=O)CCC(O)=O,C[N+](C)(C)CC([O-])=O,2:1,298.15,1.15832,3.1277525158329733,
[Cl-].CCC[N+](CCC)(CCC)Cc1ccccc1,Oc1ccccc1,1:3,298.15,1.05698,2.5814945422908995,-0.530177984021837
CC(O)C(O)=O,C[N+](C)(C)CC([O-])=O,2:1,298.15,1.2014,3.1024337056813365,
[Cl-].CCCC[N+](CCCC)(CCCC)CCCC,OCCOCCOCCO,1:1,303.15,1.021,2.7354392032514814,-0.6420651529995461
[Cl-].CC(=O)OCC[N+](C)(C)C,OC[C@@H](O)[C@@H](O)[C@H](O)C(=O)CO,1:1,293.15,1.266,3.1399105558756824,
[Cl-].CCCC[N+](CCCC)(CCCC)CCCC,OCCO,1:4,293.15,1.145,1.9311017456326387,-2.694648630553376
[Cl-].CCC[N+](CCC)(CCC)Cc1ccccc1,OCC(O)CO,1:3,338.15,1.10524,2.118595365223762,-0.13018179202067184
[Cl-].CCCC[N+](CCCC)(CCCC)CCCC,OCCO,1:3,353.15,1.091,1.0293837776852097,-2.207608310501746
[Cl-].CC(=O)OCC[N+](C)(C)C,CC(=O)CCC(O)=O,1:3,298.15,1.14058,,-0.17392519729917355
[Cl-].C[N+](C)(C)CCO,OC(=O)CC(O)=O,1:1,328.15,1.212,2.3688445068258215,
[Br-].CCCCCC[N+](CCCCCC)(CCCCCC)CCCCCC,OCC(O)CO,1:2,333.15,1.02,1.990782691803138,
[Cl-].C[N+](C)(C)CCO,Cc1ccccc1O,1:5,298.2,1.0631,1.54282542695918,0.16136800223497488
[Cl-].CC(=O)OCC[N+](C)(C)C,OC[C@@H](O)[C@@H](O)[C@H](O)[C@H](O)C=O,1:1,348.15,1.241,1.774224904868919,
[Br-].CCCCCC[N+](CCCCCC)(CCCCCC)CCCCCC,OCCO,1:2,333.15,0.9822,1.545307116465824,
[Cl-].C(c1ccccc1)[P+](c2ccccc2)(c3ccccc3)c4ccccc4,OCCO,1:3,368.15,,1.5550944485783191,-1.8664610916297826
[Cl-].C[N+](C)(C)CCO,OCCOCCOCCO,1:4,303.15,1.1202,1.6434526764861874,0.269045709657623
Cl.CN(C)C,CC(=O)CCC(O)=O,1:3,313.15,1.10066,1.4077307280263354,0.5250448070368452
[Cl-].CCCC[N+](CCCC)(CCCC)CCCC,OCCOCCOCCO,2:1,323.15,0.989,2.69284691927723,-0.3391345219961308
[Cl-].C[N+](C)(C)CCO,OC[C@@H](O)[C@@H](O)[C@H](O)[C@@H](O)C=O,1:1,293.15,1.275,3.3995993140606116,
[Br-].C[P+](c1ccccc1)(c2ccccc2)c3ccccc3,NC(=O)C(F)(F)F,1:8,338.15,1.3504,1.2201080880400552,0.6211762817750351
[Cl-].C[N+](C)(CCO)Cc1ccccc1,OC[C@@H](O)[C@@H](O)[C@H](O)[C@@H](O)C=O,1:1,338.15,1.229,2.1095785469043866,
[Cl-].C[N+](C)(C)CCO,OC[C@@H](O)[C@@H](O)[C@@H](O)C=O,1:1,338.15,1.243,2.0463390556048093,
[Cl-].C[N+](C)(C)CCO,OC(=O)CCCC(O)=O,1:1,343.15,1.161,2.2000292665537704,
[Cl-].CC(=O)OCC[N+](C)(C)C,OC[C@@H](O)[C@@H](O)[C@H](O)[C@@H](O)C=O,1:1,348.15,1.232,1.5996647787884168,
[Cl-].C[N+](C)(C)CCO,Oc1ccccc1,1:3,298.2,1.0921,1.6497241859295224,0.49692964807321494
[Cl-].C[N+](C)(C)CCO,NC(N)=O,1:2,313.15,1.1887,2.37671616444513,
[Cl-].CCCC[N+](CCCC)(CCCC)CCCC,OCC(O)CO,1:5,333.15,1.014,1.8943160626844384,0.05499586152914153
[Cl-].C(c1ccccc1)[P+](c2ccccc2)(c3ccccc3)c4ccccc4,OCC(O)CO,1:5,358.15,,1.8779469516291882,-1.8210230527068305
[Br-].C[P+](c1ccccc1)(c2ccccc2)c3ccccc3,OCC(O)CO,1:1.75,298.15,1.2899,,-0.7819899570156366
[Cl-].C(c1ccccc1)[P+](c2ccccc2)(c3ccccc3)c4ccccc4,OCCO,1:3,338.15,,1.9319661147281726,-0.7013652168755644
[Cl-].CCCC[N+](CCCC)(CCCC)CCCC,OCCOCCOCCO,1:1,333.15,1.003,2.0034605321095063,-0.09420411963213146
[Cl-].CCCC[N+](CCCC)(CCCC)CCCC,OCCOCCOCCO,3:1,303.15,0.99,,-1.3010299956639813
[Cl-].C[N+](C)(C)CCO,OC[C@@H](O)[C@@H](O)[C@H](O)C(=O)CO,2.5:1,298.15,1.259,4.246633968967703,
[Cl-].CC(=O)OCC[N+](C)(C)C,OC[C@@H](O)[C@@H](O)[C@@H](O)C=O,1:1,343.15,1.226,1.7826159320316035,
[Br-].CCCC[N+](CCCC)(CCCC)CCCC,CC(=O)CCC(O)=O,1:3,338.15,1.06837,,0.2380461031287954
[Cl-].C[N+](C)(C)CCO,OC[C@@H](O)[C@@H](O)[C@@H](O)C=O,1:1,308.15,1.261,2.8481521541859887,
CC(O)C(O)=O,OC(=O)[C@@H]1CCCN1,1:1,303.15,1.25807,,
[Cl-].C[N+](C)(CCO)Cc1ccccc1,OC[C@@H](O)[C@@H](O)[C@H](O)[C@@H](O)C=O,1:1,293.15,1.255,3.751648559115707,
[Cl-].C[N+](C)(C)CCO,OC[C@@H](O)[C@@H](O)[C@H](O)[C@@H](O)C=O,1:1,353.15,1.243,1.7160868537748322,
[Cl-].C[N+](C)(C)CCO,Oc1ccccc1,1:6,318.2,1.0717,0.9758911364017928,0.8234742291703011
[Cl-].C[N+](C)(C)CCO,OCC(O)=O,1:1,338.15,1.172,1.8262692193937262,
[Cl-].CCCC[N+](CCCC)(CCCC)CCCC,OCCO,1:2,288.15,0.99535,2.335858911319818,-0.01592296609716924
[Cl-].C(c1ccccc1)[P+](c2ccccc2)(c3ccccc3)c4ccccc4,OCCO,1:3,328.15,,2.305136318943639,-0.3142582613977364
[Cl-].CCCC[N+](CCCC)(CCCC)CCCC,OCCOCCOCCO,4:1,313.15,0.98,3.278845021747168,-0.9665762445130504
[Cl-].C[N+](C)(C)CCO,Cc1ccc(O)cc1,1:2,308.15,1.05994,1.76767522402796,
[Cl-].C[N+](C)(C)CCO,OC[C@@H](O)[C@@H](O)[C@H](O)C(=O)CO,2:1,318.15,1.2669,3.390405156480081,
[Cl-].CC(=O)OCC[N+](C)(C)C,OC[C@@H](O)[C@@H](O)[C@@H](O)C=O,1:1,333.15,1.232,2.0042353663594676,
[Cl-].C[N+](C)(C)CCO,Cc1ccc(O)cc1,1:2,298.15,1.06807,2.0087704499377526,
[Cl-].CCCC[N+](CCCC)(CCCC)CCCC,OCCO,1:3,313.15,1.117,1.6548500905613943,-2.5331323796458904
[Cl-].CCCC[N+](CCCC)(CCCC)CCCC,OCCOCCOCCO,1:1,343.15,0.997,1.8331471119127851,0.04139268515822508
[Cl-].C[N+](C)(CCO)Cc1ccccc1,OC[C@@H](O)[C@H](O)[C@@H](O)C=O,1:1,313.15,1.215,2.5891562058930924,
[Br-].C[P+](c1ccccc1)(c2ccccc2)c3ccccc3,OCCO,1:4,328.15,1.2114,1.294466226161593,0.27461961909123805
[Cl-].CC(=O)OCC[N+](C)(C)C,OC[C@@H](O)[C@@H](O)[C@H](O)C(=O)CO,1:1,323.15,1.247,2.096666739975382,
[Cl-].C[N+](C)(C)CCO,OC[C@@H](O)[C@@H](O)[C@@H](O)C=O,1:1,323.15,1.252,2.409392030619153,
[Cl-].C[N+](C)(C)CCO,Oc1ccccc1,1:6,308.2,1.0782,1.1386184338994925,0.6875289612146344
[Cl-].C[N+](C)(C)CCO,OCC(O)CO,1:2,323.15,1.177,1.911634271676981,
[Cl-].C[N+](C)(C)CCO,Oc1ccccc1,1:3,293.2,1.0948,1.7622282842864745,0.37657695705651195
[Br-].C[P+](c1ccccc1)(c2ccccc2)c3ccccc3,NC(=O)C(F)(F)F,1:8,298.15,1.3947,2.1351326513767748,-0.07160414774328619
[Cl-].CCCC[N+](CCCC)(CCCC)CCCC,OCCO,1:3,293.15,1.13,2.0211892990699383,-2.8130436645345878
[Cl-].CCC[N+](CCC)(CCC)Cc1ccccc1,OCCO,1:3,338.15,1.03595,1.4313637641589874,0.4653828514484183
[Cl-].C[N+](C)(C)CCO,OCC(O)=O,1:1,308.15,1.189,2.4632956099620027,
[Cl-].CC(=O)OCC[N+](C)(C)C,OC[C@@H](O)[C@@H](O)[C@@H](O)C=O,1:1,338.15,1.229,1.8890214220952248,
[Cl-].CCCC[N+](CCCC)(CCCC)CCCC,OCC(O)CO,1:4,333.15,1.004,1.8109042806687004,0.11727129565576427
[Cl-].CC(=O)OCC[N+](C)(C)C,[nH]1ccnc1,1:3,313.15,1.1517,2.276898177205339,
[Cl-].C[N+](C)(C)CCO,Cc1ccc(O)cc1,1:2,323.15,1.04757,1.4598446423882079,
[Cl-].C[N+](C)(C)CCO,OC[C@@H](O)[C@@H](O)[C@H](O)[C@H](O)C=O,1:1,338.15,1.256,1.9023293058583188,
[Cl-].CCC[N+](CCC)(CCC)Cc1ccccc1,CC(O)C(O)=O,1:3,318.15,1.10271,2.689486448364248,-0.9871627752948278
[Cl-].C[N+](C)(C)CCO,Cc1ccc(O)cc1,1:2,313.15,1.05576,1.6610550848533787,
[Cl-].CC(=O)OCC[N+](C)(C)C,OC[C@@H](O)[C@@H](O)[C@H](O)[C@H](O)C=O,1:1,338.15,1.247,1.995766779049974,
[Cl-].CC(=O)OCC[N+](C)(C)C,OC[C@@H](O)[C@@H](O)[C@@H](O)C=O,1:1,328.15,1.235,2.1291418457922853,
[Cl-].C[N+](C)(C)CCO,OC[C@@H](O)[C@@H](O)[C@H](O)C(=O)CO,1.5:1,358.15,1.2697,2.373095987078727,
[Cl-].C[N+](C)(C)CCO,OC[C@@H](O)[C@@H](O)[C@H](O)[C@H](O)C=O,1:1,328.15,1.262,2.128915978453837,
[Cl-].C[N+](C)(C)CCO,CC(=O)CCC(O)=O,1:2,308.15,1.131,2.0881360887005513,0.13987908640123647
CC(O)C(O)=O,C[N+](C)(C)CC([O-])=O,5:1,343.15,1.16959,1.3138672203691535,
[Cl-].C[N+](C)(C)CCO,OCCO,1:2,348.15,1.08855,,
CC(=O)CCC(O)=O,OC(=O)[C@@H]1CCCN1,2:1,328.15,1.17501,2.2065560440990297,
[Br-].C[P+](c1ccccc1)(c2ccccc2)c3ccccc3,OCCO,1:4,358.15,1.19,,0.5289167002776547
[Cl-].C[N+](C)(C)CCO,OC[C@@H](O)[C@@H](O)[C@@H](O)C=O,1:1,298.15,1.267,3.1938394819730918,
[Cl-].CC(=O)OCC[N+](C)(C)C,OC[C@@H](O)[C@@H](O)[C@H](O)C(=O)CO,1:1,303.15,1.26,2.731967298515282,
[Cl-].C[N+](C)(C)CCO,OC[C@@H](O)[C@@H](O)[C@H](O)C(=O)CO,1.5:1,298.15,1.3036,4.1062759113543015,
[Br-].C[P+](c1ccccc1)(c2ccccc2)c3ccccc3,OCCO,1:4,338.15,1.2043,0.7323937598229685,0.3692158574101428
[Cl-].CCCC[N+](CCCC)(CCCC)CCCC,OCC(O)CO,1:5,313.15,1.027,2.416640507338281,-0.30803489723263966
[Cl-].C[N+](C)(C)CCO,OC(=O)C(O)=O,1:1,298.15,1.259,3.951968584492911,
[Cl-].CCCC[N+](CCCC)(CCCC)CCCC,OCCO,1:2,323.15,0.97391,1.5550944485783191,0.4099331233312945
[Cl-].CCCC[N+](CCCC)(CCCC)CCCC,OCCO,1:4,343.15,1.112,1.1717264536532312,-2.211124884224583
[Cl-].C[N+](C)(C)CCO,OC[C@@H](O)[C@@H](O)[C@H](O)C(=O)CO,2:1,358.15,1.2419,2.111598524880394,
[Cl-].CC(=O)OCC[N+](C)(C)C,OC[C@@H](O)[C@@H](O)[C@H](O)[C@H](O)C=O,1:1,318.15,1.259,2.557194300943596,
[Cl-].C[N+](C)(C)CCO,OC(CC(O)=O)C(O)=O,1:1,303.15,1.2796,4.0597526942092985,-1.3829996588791011
[Cl-].CC(=O)OCC[N+](C)(C)C,OC[C@@H](O)[C@@H](O)[C@H](O)[C@@H](O)C=O,1:1,298.15,1.263,3.0279323538206535,
[Cl-].CC[N+](CC)(CC)CC,CC(=O)CCC(O)=O,1:3,323.15,1.07612,1.4324882557705063,0.5024271199844327
[Cl-].C[N+](C)(CCO)Cc1ccccc1,OC[C@@H](O)[C@H](O)[C@@H](O)C=O,1:1,323.15,1.209,2.2829618035343353,
[Cl-].C[N+](C)(C)CCO,Oc1ccc(Cl)cc1,1:2,293.15,1.20314,2.2320808424413725,
[Br-].CCCCCC[N+](CCCCCC)(CCCCCC)CCCCCC,OCCO,1:2,313.15,0.9951,1.9068735347220704,
CC(O)C(O)=O,OC(=O)[C@@H]1CCCN1,1:1,308.15,1.25456,,
[Cl-].C[N+](C)(CCO)Cc1ccccc1,OC[C@@H](O)[C@@H](O)[C@H](O)C(=O)CO,1:1,353.15,1.203,1.303412070596742,
[Cl-].C[N+](C)(C)CCO,OC[C@@H](O)[C@H](O)[C@@H](O)C=O,1:1,338.15,1.235,1.8729134416203952,
[Cl-].CCCC[N+](CCCC)(CCCC)CCCC,OC(=O)Cc1ccccc1,1:2,318.15,1.02734,1.9206450014067875,-0.41341269532824504
[Cl-].CC(=O)OCC[N+](C)(C)C,OC[C@@H](O)[C@H](O)[C@@H](O)C=O,1:1,338.15,1.229,2.007491733295336,
[Cl-].C[N+](C)(CCO)Cc1ccccc1,OC[C@@H](O)[C@@H](O)[C@H](O)[C@H](O)C=O,1:1,353.15,1.228,1.9621324692982356,
[Cl-].CC(=O)OCC[N+](C)(C)C,OC[C@@H](O)[C@@H](O)[C@H](O)[C@@H](O)C=O,1:1,303.15,1.26,2.827252928592201,
[Cl-].C[N+](C)(C)CCO,OC[C@@H](O)[C@@H](O)[C@H](O)[C@H](O)C=O,1:1,348.15,1.251,1.7032053706954864,
[Cl-].CC[N+](CC)(CC)CC,CC(=O)CCC(O)=O,1:3,313.15,1.08328,1.5918434112247846,0.33243845991560533
[Cl-].C[N+](C)(C)CCO,OC(=O)C(O)=O,1:1,348.15,1.224,2.318689269947746,
[Cl-].CC(=O)OCC[N+](C)(C)C,CC(=O)CCC(O)=O,1:3,328.15,1.11791,,0.4409090820652177
[Cl-].C[N+](C)(C)CCO,Oc1ccccc1,1:5,303.2,1.0838,1.295567099962479,0.6283889300503115
[Cl-].CCCC[N+](CCCC)(CCCC)CCCC,OCCO,1:4,303.15,1.138,1.7551122663950711,-2.5654310959658013
[Br-].CCCCCC[N+](CCCCCC)(CCCCCC)CCCCCC,OCCO,1:2,328.15,0.9854,1.6294095991027189,
[Cl-].CCCC[N+](CCCC)(CCCC)CCCC,OCC(O)CO,1:3,343.15,0.982,1.7535830588929067,0.17897694729316943
[Cl-].C[N+](C)(C)CCO,Oc1ccccc1,1:4,298.2,1.0893,1.498999363580153,0.5378190950732742
[Cl-].C[N+](C)(C)CCO,Oc1ccccc1,1:4,308.2,1.0819,1.3064250275506875,0.705007959333336
[Cl-].CCCC[N+](CCCC)(CCCC)CCCC,OC(=O)Cc1ccccc1,1:2,328.15,1.02074,1.7092699609758308,-0.2620126736665692
[Cl-].CC(=O)OCC[N+](C)(C)C,OC[C@@H](O)[C@@H](O)[C@H](O)C(=O)CO,1:1,333.15,1.24,1.8461514765288154,
[Cl-].CCCC[N+](CCCC)(CCCC)CCCC,OCCO,1:3,323.15,1.11,1.4679039465228003,-2.4122890349810886
[Cl-].C[N+](C)(C)CCO,OC(=O)CCCC(O)=O,1:1,293.15,1.191,3.4724638966069894,
[Cl-].C[N+](C)(CCO)Cc1ccccc1,OC[C@@H](O)[C@@H](O)[C@@H](O)C=O,1:1,313.15,1.234,2.960280464436642,
[Cl-].CCC[N+](CCC)(CCC)Cc1ccccc1,OCC(O)CO,1:3,318.15,1.11751,2.715418322595056,-0.5391021572434522
[Cl-].C[N+](C)(C)CCO,OC[C@@H](O)[C@@H](O)[C@@H](O)C=O,1:1,328.15,1.249,2.2803734661501194,
[Br-].C[P+](c1ccccc1)(c2ccccc2)c3ccccc3,OCC(O)CO,1:1.75,278.15,,,-1.4259687322722812
[Cl-].CCC[N+](CCC)(CCC)Cc1ccccc1,CC(O)C(O)=O,1:3,328.15,1.09566,2.3336487565147013,-0.6968039425795111
[Cl-].C[N+](C)(C)CCO,NC(N)=O,1:2,333.15,1.1773,1.8366266236824615,
[Cl-].CCCC[N+](CCCC)(CCCC)CCCC,OC(=O)Cc1ccccc1,1:2,303.15,1.03714,2.312811826212088,-0.6882461389442457
[Cl-].CCCC[N+](CCCC)(CCCC)CCCC,OCCO,1:2,338.15,0.96478,1.3096301674258988,0.5490032620257879
[Cl-].C[N+](C)(C)CCO,NC(N)=O,1:2,293.15,1.2001,3.1373452164728355,
[Cl-].C[N+](C)(C)CCO,OC(=O)CC(O)=O,1:1,293.15,1.234,3.3044905277734875,
[Cl-].CC(=O)OCC[N+](C)(C)C,[nH]1cncn1,1:1,323.15,1.1193,1.9193919267738593,
[Br-].C[P+](c1ccccc1)(c2ccccc2)c3ccccc3,NC(=O)C(F)(F)F,1:8,358.15,1.3282,-0.045757490560675115,0.7403626894942439
CC(=O)CCC(O)=O,OC(=O)[C@@H]1CCCN1,2:1,333.15,1.17134,2.094471128641645,
[Cl-].C[N+](C)(CCO)Cc1ccccc1,OC[C@@H](O)[C@@H](O)[C@@H](O)C=O,1:1,353.15,1.209,1.8346114207226871,
[Cl-].CC(=O)OCC[N+](C)(C)C,[nH]1ccnc1,1:1.5,343.15,1.1052,1.2711443179490785,
[Cl-].CCC[N+](CCC)(CCC)Cc1ccccc1,Oc1ccccc1,1:3,333.15,1.03412,1.513217600067939,0.13956426617584977
[Cl-].C[N+](C)(C)CCO,OCC(O)CO,1:2,303.15,1.1854,2.247973266361807,0.21669359916975436
[Cl-].C[N+](C)(C)CCO,Cc1ccc(O)cc1,1:2,328.15,1.04401,1.3754807146185724,
[Br-].C[P+](c1ccccc1)(c2ccccc2)c3ccccc3,OCCO,1:4,308.15,1.2256,1.8363241157067516,0.039017321997412
[Cl-].CC(=O)OCC[N+](C)(C)C,CC(=O)CCC(O)=O,1:3,343.15,1.10685,,0.6720978579357175
[Cl-].C[N+](C)(C)CCO,OC[C@@H](O)[C@@H](O)[C@H](O)[C@H](O)C=O,1:1,323.15,1.264,2.254088646919074,
[Cl-].C[N+](C)(C)CCO,Cc1ccccc1O,1:2,298.2,1.0776,2.316829691494308,-0.08092190762392612
[Br-].C[P+](c1ccccc1)(c2ccccc2)c3ccccc3,NC(=O)C(F)(F)F,1:8,318.15,1.3727,1.591064607026499,0.45024910831936105
[Br-].CC[N+](CC)(CC)CC,CC(=O)CCC(O)=O,1:3,308.15,1.16602,,0.22271647114758325
Cl.CN(C)C,CC(=O)CCC(O)=O,1:3,303.15,1.10822,1.6258267132857112,0.3521825181113625
[Cl-].CCC[N+](CCC)(CCC)Cc1ccccc1,OCC(O)CO,1:3,293.15,1.13302,,-1.2365720064370627
[Cl-].C[N+](C)(C)CCO,OC(=O)CC(O)=O,1:1,343.15,1.204,2.074450718954591,
[Cl-].CCCC[N+](CCCC)(CCCC)CCCC,CCC(O)=O,1:2,313.15,0.95611,1.8273692730538253,-0.13966199342900631
[Cl-].C[N+](C)(C)CCO,OC(=O)CCCC(O)=O,1:1,323.15,1.173,2.617629297757842,
[Cl-].C[N+](C)(C)CCO,Oc1ccccc1,1:4,318.2,1.0763,1.146128035678238,0.8488047010518037
[Cl-].C[N+](C)(C)CCO,OC(=O)CCCC(O)=O,1:1,298.15,1.188,3.3042750504771283,
[Br-].C[P+](c1ccccc1)(c2ccccc2)c3ccccc3,OCC(O)CO,1:1.75,348.15,1.255,2.0203612826477078,0.25911584418506634
[Br-].C[P+](c1ccccc1)(c2ccccc2)c3ccccc3,NC(=O)C(F)(F)F,1:8,328.15,1.3616,1.3820170425748683,0.5428254269591799
[Br-].CCCC[N+](CCCC)(CCCC)CCCC,CC(=O)CCC(O)=O,1:3,318.15,1.08256,,-0.1366771398795441
[Cl-].C[N+](C)(C)CCO,Oc1ccccc1,1:2,303.15,1.09076,1.8833206783829752,0.42324587393680785
[Cl-].CC(=O)OCC[N+](C)(C)C,OC[C@@H](O)[C@@H](O)[C@H](O)[C@@H](O)C=O,1:1,308.15,1.257,2.6427908604235375,
[Cl-].C[N+](C)(C)CCO,Cc1ccccc1O,1:3.91,298.2,1.0664,1.6716355966021297,0.14921911265537988
[Cl-].C[N+](C)(CCO)Cc1ccccc1,OC[C@@H](O)[C@H](O)[C@@H](O)C=O,1:1,293.15,1.227,3.3582452185280136,
[Cl-].C[N+](C)(C)CCO,OCC(O)CO,1:2,343.15,1.1648,1.5651497905175953,
[Cl-].C[N+](C)(C)CCO,OC[C@@H](O)[C@@H](O)[C@@H](O)C=O,1:1,348.15,1.237,1.8427340189482697,
[Br-].CC[N+](CC)(CC)CC,CC(=O)CCC(O)=O,1:3,328.15,1.15116,,0.5843312243675308
[Cl-].CC(=O)OCC[N+](C)(C)C,OC[C@@H](O)[C@H](O)[C@@H](O)C=O,1:1,353.15,1.22,1.6888645680547918,
[Cl-].CC(=O)OCC[N+](C)(C)C,[nH]1ccnc1,1:3,353.15,1.1326,1.4106085425683679,
[Cl-].C[N+](C)(C)CCO,Oc1ccccc1,1:2,323.15,1.07383,1.458033192496506,
[Cl-].CC(=O)OCC[N+](C)(C)C,OC[C@@H](O)[C@@H](O)[C@H](O)[C@@H](O)C=O,1:1,353.15,1.229,1.5075860397630108,
[Cl-].CCC[N+](CCC)(CCC)Cc1ccccc1,CC(O)C(O)=O,1:3,298.15,1.11705,,-1.744727494896694
[Cl-].CC(=O)OCC[N+](C)(C)C,CC(=O)CCC(O)=O,1:3,313.15,1.12943,1.6697816152085365,0.1553360374650618
[Cl-].CCCC[N+](CCCC)(CCCC)CCCC,CC(=O)CCC(O)=O,1:3,338.15,1.00249,,0.3283796034387377
[Br-].CC[N+](CC)(CC)CC,CC(=O)CCC(O)=O,1:3,293.15,1.17735,2.1730405075510624,-0.14874165128092473
[Cl-].C[N+](C)(C)CCO,Oc1ccc(Cl)cc1,1:2,333.15,1.16793,1.3710678622717363,
CC(O)C(O)=O,OC(=O)[C@@H]1CCCN1,1:1,338.15,1.23356,2.530071568837378,
[Cl-].C[N+](C)(C)CCO,Oc1ccccc1,1:2,293.15,1.09879,2.139028547485683,0.146128035678238
[Cl-].C[N+](C)(CCO)Cc1ccccc1,OC[C@@H](O)[C@@H](O)[C@H](O)[C@H](O)C=O,1:1,313.15,1.252,3.208530033757731,
[Br-].CCCCCC[N+](CCCCCC)(CCCCCC)CCCCCC,OCCO,1:2,298.15,1.0045,2.236033147117636,
[Cl-].CCCC[N+](CCCC)(CCCC)CCCC,OCCO,1:3,303.15,1.123,1.8567288903828827,-2.669586226650809
[Cl-].C[N+](C)(C)CCO,OC[C@@H](O)[C@H](O)[C@@H](O)C=O,1:1,303.15,1.254,2.795031446040101,
[Cl-].CC(=O)OCC[N+](C)(C)C,OC[C@@H](O)[C@@H](O)[C@H](O)[C@H](O)C=O,1:1,308.15,1.266,2.9157374299292864,
[Cl-].CCCC[N+](CCCC)(CCCC)CCCC,OCCO,1:4,353.15,1.106,1.021189299069938,-2.141462802430361
[Cl-].CCCC[N+](CCCC)(CCCC)CCCC,OCCOCCOCCO,2:1,293.15,1.007,,-1.1668528880872149
[Cl-].C[N+](C)(C)CCO,OC(=O)CC(O)=O,1:1,313.15,1.221,2.7197454925295768,
[Br-].CCCC[N+](CCCC)(CCCC)CCCC,CC(=O)CCC(O)=O,1:3,298.15,1.09717,,-0.6575773191777937
[Br-].CC[N+](CC)(CC)CC,CC(=O)CCC(O)=O,1:3,318.15,1.15836,,0.40312052117581787
[Cl-].C[N+](C)(CCO)Cc1ccccc1,OC[C@@H](O)[C@H](O)[C@@H](O)C=O,1:1,343.15,1.198,1.791480116020001,
[Cl-].C[N+](C)(C)CCO,OCCO,1:2,323.15,1.10247,1.2741578492636798,1.239549720840473
[Cl-].CC(=O)OCC[N+](C)(C)C,OC[C@@H](O)[C@H](O)[C@@H](O)C=O,1:1,308.15,1.248,2.9230625928302865,
[Cl-].CC(=O)OCC[N+](C)(C)C,CC(=O)CCC(O)=O,1:3,338.15,1.1107,,0.6031443726201823
[Cl-].C[N+](C)(CCO)Cc1ccccc1,OC[C@@H](O)[C@@H](O)[C@H](O)C(=O)CO,1:1,298.15,1.239,2.6908337586384103,
[Br-].C[P+](c1ccccc1)(c2ccccc2)c3ccccc3,OCC(O)CO,1:1.75,308.15,1.283,,-0.5016894462103995
[Cl-].CCCC[N+](CCCC)(CCCC)CCCC,OCCO,1:2,313.15,0.98013,1.7489628612561614,0.3053513694466238
[Cl-].CC(=O)OCC[N+](C)(C)C,OC[C@@H](O)[C@H](O)[C@@H](O)C=O,1:1,293.15,1.257,3.5912983949641113,
[Cl-].C[N+](C)(C)CCO,OC(=O)CCCC(O)=O,1:1,303.15,1.185,3.1486026548060932,
Cl.CN(C)C,CC(=O)CCC(O)=O,1:3,328.15,1.08923,,0.7395723444500919
[Cl-].C[N+](C)(C)CCO,Cc1ccccc1O,1:3,298.2,1.0707,1.8901414600645774,0.08278537031645007
[Cl-].C[N+](C)(CCO)Cc1ccccc1,OC[C@@H](O)[C@@H](O)[C@H](O)C(=O)CO,1:1,318.15,1.227,2.053884790394692,
[Cl-].C[N+](C)(C)CCO,Cc1ccc(O)cc1,1:2,293.15,1.07196,2.126066436885335,
CC(=O)CCC(O)=O,OC(=O)[C@@H]1CCCN1,2:1,343.15,1.16403,1.8656960599160706,
[Cl-].CC(=O)OCC[N+](C)(C)C,OC[C@@H](O)[C@@H](O)[C@H](O)C(=O)CO,1:1,313.15,1.254,2.3891483576973775,
[Cl-].C[N+](C)(C)CCO,OCC(O)=O,1:1,343.15,1.17,1.7423322823571483,
[Cl-].CCC[N+](CCC)(CCC)Cc1ccccc1,OCCO,1:3,333.15,1.03903,1.5250448070368452,0.414973347970818
[Cl-].CCCC[N+](CCCC)(CCCC)CCCC,OCCOCCOCCO,2:1,343.15,0.976,2.187520720836463,-0.07468790850035051
[Cl-].C[N+](C)(C)CCO,Oc1ccccc1,1:6,313.2,1.0745,1.0588054866759067,0.7589118923979735
[Cl-].C[N+](C)(C)CCO,Cc1ccccc1O,1:6,298.2,1.0606,1.4443571256560277,0.13987908640123647
[Cl-].CCC[N+](CCC)(CCC)Cc1ccccc1,OCC(O)CO,1:3,333.15,1.10832,2.2555137128195333,-0.22475374025976358
[Cl-].C[N+](C)(C)CCO,Oc1ccccc1,1:4,303.2,1.086,1.4014005407815442,0.6242820958356683
[Cl-].C[N+](C)(C)CCO,NC(N)=O,1:2,323.15,1.1831,2.0784745809868688,
[Cl-].C[N+](C)(C)CCO,CC(=O)CCC(O)=O,1:2,313.15,1.128,1.9713686367914234,0.24303804868629444
[Cl-].C[N+](C)(C)CCO,CC(=O)CCC(O)=O,1:2,348.15,1.105,1.3469394626989906,
[Cl-].C[N+](C)(C)CCO,OCC(O)CO,1:2,333.15,1.1713,1.7308767123393214,
CC(O)C(O)=O,C[N+](C)(C)CC([O-])=O,2:1,343.15,1.16988,1.8188854145940099,
[Cl-].CC(=O)OCC[N+](C)(C)C,[nH]1cncn1,1:1,363.15,1.1002,0.92272545799326,
[Cl-].CC(=O)OCC[N+](C)(C)C,[nH]1ccnc1,1:3,343.15,1.1384,1.5535189401489695,
[Cl-].C[N+](C)(CCO)Cc1ccccc1,OC[C@@H](O)[C@@H](O)[C@@H](O)C=O,1:1,328.15,1.224,2.4591209688495406,
[Cl-].CCCC[N+](CCCC)(CCCC)CCCC,OC(=O)Cc1ccccc1,1:2,308.15,1.03388,2.1300119496719043,-0.5900668766687055
[Cl-].C[N+](C)(C)CCO,OC[C@@H](O)[C@@H](O)[C@H](O)[C@@H](O)C=O,1:1,318.15,1.262,2.5296228181334435,
[Cl-].CC(=O)OCC[N+](C)(C)C,OC[C@@H](O)[C@H](O)[C@@H](O)C=O,1:1,318.15,1.241,2.565635340055644,
[Cl-].CC(=O)OCC[N+](C)(C)C,[nH]1ccnc1,1:2,353.15,1.0935,0.8350561017201162,
CC(O)C(O)=O,C[N+](C)(C)CC([O-])=O,2:1,303.15,1.1979,2.9130717403092508,
[Cl-].C[N+](C)(C)CCO,OC(=O)C(O)=O,1:1,343.15,1.228,2.433769833924866,
[Cl-].C[N+](C)(C)CCO,OC[C@@H](O)[C@@H](O)[C@H](O)[C@@H](O)C=O,1:1,328.15,1.256,2.256453144939036,
[Cl-].C[N+](C)(C)CCO,Cc1ccc(O)cc1,1:2,303.15,1.06411,1.8779469516291882,
[Cl-].CCCC[N+](CCCC)(CCCC)CCCC,CC(=O)CCC(O)=O,1:3,328.15,1.0095,,0.17897694729316943
[Cl-].CCCC[N+](CCCC)(CCCC)CCCC,OCCO,1:4,333.15,1.119,1.294466226161593,-2.2831622767004753
[Cl-].CC(=O)OCC[N+](C)(C)C,[nH]1ccnc1,1:1.5,363.15,1.0955,1.06781451116184,
[Br-].CC[N+](CC)(CC)CC,CC(=O)CCC(O)=O,1:3,343.15,1.13974,,0.7693773260761385
[Cl-].C[N+](C)(C)CCO,Oc1ccccc1,1:6,293.2,1.0885,1.4318460456987254,0.436162647040756
[Cl-].CCCC[N+](CCCC)(CCCC)CCCC,OCCO,1:2,308.15,0.98321,1.8549130223078556,0.24625231229932198
[Cl-].CCC[N+](CCC)(CCC)Cc1ccccc1,Oc1ccccc1,1:3,293.15,1.06026,2.805092878342673,-0.6716203965612623
[Cl-].C[N+](C)(C)CCO,Cc1ccc(O)cc1,1:2,318.15,1.05182,1.5583485087616198,
[Cl-].C[N+](C)(C)CCO,CC(=O)CCC(O)=O,1:2,333.15,1.115,1.579211780231499,0.5877109650189114
[Cl-].C[N+](C)(C)CCO,OC(=O)CCCC(O)=O,1:1,353.15,1.155,2.024485667699167,
[Cl-].CCCC[N+](CCCC)(CCCC)CCCC,OCCOCCOCCO,3:1,313.15,0.984,3.8470603337489013,-1.0132282657337552
[Cl-].CC(=O)OCC[N+](C)(C)C,OC[C@@H](O)[C@@H](O)[C@H](O)[C@@H](O)C=O,1:1,293.15,1.266,3.2458752510112125,
CC(=O)CCC(O)=O,C[N+](C)(C)CC([O-])=O,2:1,303.15,1.15474,2.9331328237267345,
[Cl-].CCC[N+](CCC)(CCC)Cc1ccccc1,OCCO,1:3,313.15,1.05135,1.958085848521085,0.16554107672237306
[Br-].CCCCCC[N+](CCCCCC)(CCCCCC)CCCCCC,OCC(O)CO,1:2,293.15,1.0458,3.0780941504064105,
[Cl-].CCC[N+](CCC)(CCC)Cc1ccccc1,OCCO,1:3,293.15,1.06363,2.515741416669365,-0.13430394008392949
[Cl-].CCC[N+](CCC)(CCC)Cc1ccccc1,OCCO,1:3,318.15,1.04827,1.8488047010518038,0.23121464796260105
[Cl-].C[N+](C)(CCO)Cc1ccccc1,OC[C@@H](O)[C@@H](O)[C@H](O)[C@H](O)C=O,1:1,343.15,1.234,2.2077151338055665,
[Cl-].C[N+](C)(C)CCO,OC(=O)CC(O)=O,1:1,323.15,1.215,2.478854967528663,
[Br-].CC[N+](CC)(CC)CC,CC(=O)CCC(O)=O,1:3,313.15,1.16219,1.627570664180543,0.32633586092875144
[Cl-].C[N+](C)(C)CCO,Oc1ccccc1,1:5,313.2,1.0761,1.1283992687178064,0.7774268223893114
[Cl-].C(c1ccccc1)[P+](c2ccccc2)(c3ccccc3)c4ccccc4,OCCO,1:3,348.15,,1.7730546933642626,-1.785156151952302
[Cl-].CCCC[N+](CCCC)(CCCC)CCCC,CC(=O)CCC(O)=O,1:3,333.15,1.006,1.242292904982931,0.24797326636180664
[Cl-].CCC[N+](CCC)(CCC)Cc1ccccc1,CC(O)C(O)=O,1:3,303.15,1.11349,3.357305807546096,-1.5228787452803376
[Cl-].CC(=O)OCC[N+](C)(C)C,OC[C@@H](O)[C@@H](O)[C@H](O)C(=O)CO,1:1,348.15,1.229,1.5358002908248978,
[Cl-].C[N+](C)(C)CCO,OC(=O)CC(O)=O,1:1,298.15,1.231,3.1427022457376155,
[Br-].CC[N+](CC)(CC)CC,CC(=O)CCC(O)=O,1:3,338.15,1.14345,,0.7176705030022621
[Cl-].C[N+](C)(CCO)Cc1ccccc1,OC[C@@H](O)[C@@H](O)[C@@H](O)C=O,1:1,303.15,1.24,3.3581005330225673,
[Cl-].CCC[N+](CCC)(CCC)Cc1ccccc1,OCCO,1:3,298.15,1.06058,2.3602146132953523,-0.05403929642243141
[Cl-].C[N+](C)(C)CCO,CC(=O)CCC(O)=O,1:2,343.15,1.108,1.4186326873540656,0.7176705030022621
[Cl-].C[N+](C)(C)CCO,Oc1ccc(Cl)cc1,1:2,303.15,1.19462,1.9673139182870836,
[Cl-].C[N+](C)(C)CCO,OC[C@@H](O)[C@@H](O)[C@H](O)[C@H](O)C=O,1:1,293.15,1.281,3.2205787546328293,
[Cl-].CC(=O)OCC[N+](C)(C)C,[nH]1ccnc1,1:1.5,323.15,1.1154,1.7712199019495336,
[Cl-].C[N+](C)(C)CCO,OC[C@@H](O)[C@@H](O)[C@H](O)[C@@H](O)C=O,1:1,338.15,1.251,2.019573202095639,
[Cl-].CC(=O)OCC[N+](C)(C)C,[nH]1ccnc1,1:2,323.15,1.1092,1.500099191915723,
CC(=O)CCC(O)=O,OC(=O)[C@@H]1CCCN1,2:1,318.15,1.18236,2.4785664955938436,
[Cl-].C[N+](C)(C)CCO,OC[C@@H](O)[C@@H](O)[C@@H](O)C=O,1:1,318.15,1.255,2.546567338599975,
[Cl-].C[N+](C)(C)CCO,OC[C@@H](O)[C@H](O)[C@@H](O)CO,1:1,303.15,1.2445,3.5873741720730656,-0.7629592086208092
[Cl-].CCCC[N+](CCCC)(CCCC)CCCC,CC(=O)CCC(O)=O,1:3,313.15,1.02026,1.5641924606261979,-0.05060999335508721
[Cl-].C[N+](C)(C)CCO,OC(=O)C(O)=O,1:1,333.15,1.234,2.6902847025126295,
[Cl-].CCCC[N+](CCCC)(CCCC)CCCC,OCCOCCOCCO,4:1,293.15,0.99,,-1.749092300299144
[Cl-].CC(=O)OCC[N+](C)(C)C,OC[C@@H](O)[C@@H](O)[C@@H](O)C=O,1:1,323.15,1.239,2.2646761821488246,
[Br-].C[P+](c1ccccc1)(c2ccccc2)c3ccccc3,OCCO,1:4,368.15,,,0.5820633629117087
[Cl-].CCC[N+](CCC)(CCC)Cc1ccccc1,OCCO,1:3,308.15,1.05444,2.0827853703164503,0.09656243837413556
[Cl-].C[N+](C)(C)CCO,Cc1ccc(cc1)[S](O)(=O)=O,1:1,303.15,1.2074,2.2624510897304293,0.05614226205905233
[Cl-].C[N+](C)(C)CCO,CC(N)=O,1:2,303.15,1.0852,2.103803720955957,0.4329692908744057
[Cl-].CCCC[N+](CCCC)(CCCC)CCCC,OCCOCCOCCO,4:1,303.15,0.985,3.513923088324494,-1.3279021420642825
CC(O)C(O)=O,C[N+](C)(C)CC([O-])=O,5:1,333.15,1.17748,1.4927603890268375,
[Cl-].CC(=O)OCC[N+](C)(C)C,OC[C@@H](O)[C@H](O)[C@@H](O)C=O,1:1,313.15,1.245,2.7368265993650485,
[Cl-].CC[N+](CC)(CC)CC,CC(=O)CCC(O)=O,1:3,328.15,1.0725,,0.5717088318086876
[Cl-].CC(=O)OCC[N+](C)(C)C,OC[C@@H](O)[C@H](O)[C@@H](O)C=O,1:1,343.15,1.226,1.893484346218486,
[Cl-].C[N+](C)(C)CCO,CC(=O)CCC(O)=O,1:2,318.15,1.125,1.8605775512444156,0.3222192947339193
[Cl-].C[N+](C)(C)CCO,OC(=O)C(O)=O,1:1,293.15,1.263,4.195290660110969,
[Cl-].C[N+](C)(CCO)Cc1ccccc1,OC[C@@H](O)[C@@H](O)[C@H](O)C(=O)CO,1:1,348.15,1.207,1.3884564527002667,
[Cl-].CCCC[N+](CCCC)(CCCC)CCCC,CCC(O)=O,1:2,288.15,0.97238,2.478854967528663,-0.5590909179347823
[Br-].CCCCCC[N+](CCCCCC)(CCCCCC)CCCCCC,OCC(O)CO,1:2,343.15,1.0137,1.7965743332104296,
[Cl-].C[N+](C)(CCO)Cc1ccccc1,OC[C@@H](O)[C@H](O)[C@@H](O)C=O,1:1,303.15,1.221,2.944985767425724,
[Cl-].C[N+](C)(C)CCO,CC(=O)CCC(O)=O,1:2,303.15,1.134,2.216165902285993,0.021189299069938092
[Cl-].C[N+](C)(C)CCO,CC(=O)CCC(O)=O,1:2,293.15,1.141,2.505963518018126,-0.23657200643706275
[Cl-].CC(=O)OCC[N+](C)(C)C,[nH]1ccnc1,1:3,363.15,1.1285,1.2474822606770544,
[Br-].CC[N+](CC)(CC)CC,CC(=O)CCC(O)=O,1:3,333.15,1.14737,1.2953471483336179,0.6404814369704218
[Cl-].C[N+](C)(CCO)Cc1ccccc1,OC[C@@H](O)[C@@H](O)[C@H](O)[C@@H](O)C=O,1:1,333.15,1.232,2.2422929049829308,
[Cl-].C[N+](C)(CCO)Cc1ccccc1,OC[C@@H](O)[C@@H](O)[C@H](O)[C@@H](O)C=O,1:1,308.15,1.247,3.078130430802564,
CC(=O)CCC(O)=O,OC(=O)[C@@H]1CCCN1,2:1,293.15,1.201,,
[Cl-].C[N+](C)(C)CCO,Oc1ccc(Cl)cc1,1:2,308.15,1.19002,1.8553979966540688,
CC(O)C(O)=O,C[N+](C)(C)CC([O-])=O,2:1,328.15,1.18041,2.15106325335375,
[Cl-].CCCC[N+](CCCC)(CCCC)CCCC,CCC(O)=O,1:2,303.15,0.96267,2.060320028688285,-0.2907300390241692
[Cl-].C[N+](C)(CCO)Cc1ccccc1,OC[C@@H](O)[C@@H](O)[C@H](O)C(=O)CO,1:1,313.15,1.23,2.1959273135972244,
[Cl-].CCCC[N+](CCCC)(CCCC)CCCC,CC(=O)CCC(O)=O,1:3,298.15,1.03096,,-0.3467874862246563
[Cl-].CCC[N+](CCC)(CCC)Cc1ccccc1,OCCO,1:3,328.15,1.04211,1.6242820958356683,0.35793484700045375
CC(O)C(O)=O,C[N+](C)(C)CC([O-])=O,2:1,323.15,1.18391,2.279210512601395,
[Cl-].C[N+](C)(CCO)Cc1ccccc1,OC[C@@H](O)[C@@H](O)[C@H](O)[C@H](O)C=O,1:1,318.15,1.249,3.008182707857653,
[Cl-].C[N+](C)(C)CCO,Oc1ccccc1,1:2,318.15,1.07861,1.5554572172046495,0.7067177823367587
[Cl-].C[N+](C)(C)CCO,OC[C@@H](O)[C@@H](O)[C@H](O)[C@@H](O)C=O,1:1,343.15,1.248,1.9120093755869783,
[Cl-].C[N+](C)(C)CCO,OC[C@@H](O)[C@@H](O)[C@H](O)[C@@H](O)C=O,1:1,303.15,1.27,3.0153304101960607,
[Cl-].CCCC[N+](CCCC)(CCCC)CCCC,CC(=O)CCC(O)=O,1:3,303.15,1.02729,1.816837630902035,-0.2218487496163564
CC(O)C(O)=O,C[N+](C)(C)CC([O-])=O,5:1,293.15,1.20893,2.5872618496925344,
[Cl-].C[N+](C)(C)CCO,OC(=O)C(O)=O,1:1,318.15,1.245,3.15259407792747,
[Cl-].CC[N+](CC)(CC)CC,CC(=O)CCC(O)=O,1:3,343.15,1.06229,,0.7686381012476144
[Cl-].CCCC[N+](CCCC)(CCCC)CCCC,OC(=O)Cc1ccccc1,1:2,323.15,1.02399,1.8109042806687004,-0.33629907461035186
[Cl-].C[N+](C)(C)CCO,OC[C@@H](O)[C@@H](O)[C@@H](O)C=O,1:1,293.15,1.269,3.387110292816622,
[Cl-].C[N+](C)(C)CCO,OC[C@@H](O)[C@@H](O)[C@@H](O)C=O,1:1,353.15,1.235,1.750354088762708,
[Cl-].CCCC[N+](CCCC)(CCCC)CCCC,OCC(O)CO,1:4,343.15,0.997,1.6222140229662954,0.2600713879850748
[Cl-].CC(=O)OCC[N+](C)(C)C,[nH]1cncn1,1:1,313.15,1.1249,2.186702122565101,
[Br-].CCCCCC[N+](CCCCCC)(CCCCCC)CCCCCC,OCCO,1:2,303.15,1.0013,2.1202447955463652,
[Cl-].C[N+](C)(C)CCO,OC(C(O)C(O)=O)C(O)=O,2:1,303.15,1.2735,4.822436160371976,-1.8446639625349381
CC(O)C(O)=O,OC(=O)[C@@H]1CCCN1,1:1,323.15,1.24403,2.9988693638823443,
[Cl-].CC(=O)OCC[N+](C)(C)C,OC[C@@H](O)[C@H](O)[C@@H](O)C=O,1:1,333.15,1.232,2.1304945885234696,
[Cl-].C[N+](C)(CCO)Cc1ccccc1,OC[C@@H](O)[C@@H](O)[C@@H](O)C=O,1:1,348.15,1.212,1.9407156569066626,
[Cl-].C[N+](C)(C)CCO,OC(=O)CCCC(O)=O,1:1,338.15,1.164,2.295786940251609,
[Cl-].CCCC[N+](CCCC)(CCCC)CCCC,OCCOCCOCCO,1:1,313.15,1.015,2.4614985267830187,-0.42481215507233894
[Cl-].C(c1ccccc1)[P+](c2ccccc2)(c3ccccc3)c4ccccc4,OCC(O)CO,1:5,368.15,,1.5877109650189114,-1.856985199745905
[Br-].C[P+](c1ccccc1)(c2ccccc2)c3ccccc3,OCC(O)CO,1:1.75,368.15,,1.5670263661590604,0.4983105537896005
[Cl-].C[N+](C)(C)CCO,OC[C@@H](O)[C@@H](O)[C@H](O)[C@H](O)C=O,1:1,353.15,1.248,1.6128897692874846,
CC(O)C(O)=O,OC(=O)[C@@H]1CCCN1,1:1,293.15,1.26511,,
[Cl-].C[N+](C)(C)CCO,Oc1ccccc1,1:5,293.2,1.0898,1.5046067706419537,0.4487063199050799
Cl.CN(C)C,CC(=O)CCC(O)=O,1:3,323.15,1.09305,1.2482185611900747,0.6730209071288962
[Cl-].C[N+](C)(C)CCO,OC[C@@H](O)[C@@H](O)[C@H](O)[C@@H](O)C=O,1:1,333.15,1.254,2.1342089929320838,
[Cl-].C[N+](C)(CCO)Cc1ccccc1,OC[C@@H](O)[C@@H](O)[C@H](O)[C@@H](O)C=O,1:1,328.15,1.235,2.38524868240322,
[Cl-].C[N+](C)(C)CCO,OC(=O)CC(O)(CC(O)=O)C(O)=O,1:1,303.15,1.3313,4.653289714821126,-1.7351821769904636
[Br-].CCCCCC[N+](CCCCCC)(CCCCCC)CCCCCC,OCCO,1:2,323.15,0.9886,1.7168377232995244,
[Cl-].C[N+](C)(C)CCO,OC[C@@H](O)[C@H](O)[C@@H](O)C=O,1:1,323.15,1.243,2.217536582779137,
[Cl-].CC(=O)OCC[N+](C)(C)C,OC[C@@H](O)[C@@H](O)[C@H](O)[C@H](O)C=O,1:1,343.15,1.244,1.8808707325324234,
[Cl-].C[N+](C)(CCO)Cc1ccccc1,OC[C@@H](O)[C@@H](O)[C@H](O)[C@@H](O)C=O,1:1,323.15,1.238,2.5397032389478253,
CC(=O)CCC(O)=O,C[N+](C)(C)CC([O-])=O,2:1,318.15,1.1441,2.4295908022233017,
[Cl-].CCCC[N+](CCCC)(CCCC)CCCC,OCCO,1:2,303.15,0.98627,1.9675479762188621,0.18525876529658514
[Cl-].C[N+](C)(C)CCO,Oc1ccccc1,1:3,308.2,1.0858,1.450557009418329,0.6785183790401139
[Cl-].C[N+](C)(CCO)Cc1ccccc1,OC[C@@H](O)[C@@H](O)[C@H](O)[C@@H](O)C=O,1:1,343.15,1.226,1.9863237770507653,
CC(O)C(O)=O,C[N+](C)(C)CC([O-])=O,2:1,333.15,1.1769,2.031408464251624,
[Cl-].C[N+](C)(C)CCO,OC(=O)C(O)=O,1:1,338.15,1.231,2.5573868820595074,
[Cl-].C[N+](C)(CCO)Cc1ccccc1,OC[C@@H](O)[C@@H](O)[C@@H](O)C=O,1:1,333.15,1.221,2.3144360685845387,
[Cl-].C[N+](C)(CCO)Cc1ccccc1,OC[C@@H](O)[C@@H](O)[C@H](O)C(=O)CO,1:1,333.15,1.217,1.6837672614253116,
[Cl-].CCCC[N+](CCCC)(CCCC)CCCC,CC(=O)CCC(O)=O,1:3,308.15,1.02379,,-0.14266750356873156
[Cl-].C[N+](C)(C)CCO,OC(=O)C(O)=O,1:1,303.15,1.255,3.729407796963068,0.37106786227173627
CC(=O)CCC(O)=O,OC(=O)[C@@H]1CCCN1,2:1,313.15,1.18604,2.635986111800833,
