smiles,smiles,ratio,value
[Br-].C[P+](c1ccccc1)(c2ccccc2)c3ccccc3,OCCO,1:4,-49.34
CCCCCCCCP(=O)(CCCCCCCC)CCCCCCCC,CCCCCCCCCCCC(=O)O,0.30:0.70,27.71
CC1CCC(C(C1)O)C(C)C,CCCCCCCCCCCC(=O)O,0.75:0.25,16.34
Cl[Zn]Cl,CCN(CC)OCC.Cl ,0.50:0.50,40.24
C1=CC=C(C=C1)C[P+](C2=CC=CC=C2)(C3=CC=CC=C3)C4=CC=CC=C4.[Cl-],C(CO)O,0.25:0.75,47.9
CCCC[N+](CCCC)(CCCC)CCCC.[Br-],C(CO)N,0.14:0.86,0.43
C[P+](C1=CC=CC=C1)(C2=CC=CC=C2)C3=CC=CC=C3.[Br-],C(CO)O,0.50:0.50,78.93
C[N+](C)(C)CCO.[Cl-],CC1=CC(=C(C=C1)C(C)C)O,0.50:0.50,75.45
C[P+](C1=CC=CC=C1)(C2=CC=CC=C2)C3=CC=CC=C3.[Br-],C(CO)O,0.40:0.60,49.27
CC1CCC(C(C1)O)C(C)C,CCCCCCCC(=O)O,0.60:0.40,-7.58
C[N+](C)(C)CC(=O)[O-],CC1=CC(=C(C=C1)C(C)C)O,0.10:0.90,37.75
C(#N)[S-].[NH4+],C(CO)O,0.25:0.75,-47.45
CC1CCC(C(C1)O)C(C)C,CC(C1CCCCC1)C(=O)O,0.20:0.80,5.537
CC[N+](C)(C)C.[Br-],C(=O)(N)N,0.33:0.67,9
[Cl-].C(c1ccccc1)[P+](c2ccccc2)(c3ccccc3)c4ccccc4,OCC(O)CO,1:5,50.36
C[N+](C)(C)CCO.[Cl-],C(CCO)CO,0.33:0.67,-32
C[N+](C)(C)CCO.[Cl-],CCCCCCCCCCCCCC(=O)O,0.80:0.20,202.68
C(#N)[S-].[NH4+],C1CCC(=O)NCC1,0.40:0.60,4.386
CC(N(C)C)C(O)=O,OC(=O)c1ccccc1,1:1.5,53.0
Cl[Zn]Cl,C[N+](C)(C)CCO.[Cl-],0.80:0.20,45.82
C[N+](C)(C)CCO.[Cl-],CC1CCC(C(C1)O)C(C)C,0.20:0.80,43.75
C[N+](C)(C)CC1=CC=CC=C1.[Cl-],CC1=CC=C(C=C1)S(=O)(=O)O,0.30:0.70,-1
C[N+](C)(C)CCO.[Cl-],CCCCCCCCCCCC(=O)O,0.60:0.40,240.2
C(#N)[S-].[NH4+],C(C(CO)O)O,0.40:0.60,-38.65
CC1CCC(C(C1)O)C(C)C,CC1=CC(=C(C=C1)C(C)C)O,0.70:0.30,-0.75
C(#N)[S-].[NH4+],C(=O)(N)N,0.25:0.75,61.4
C[P+](C1=CC=CC=C1)(C2=CC=CC=C2)C3=CC=CC=C3.[Br-],C(C(CO)O)O,0.25:0.75,-5.5
[Cl-].C[N+](C)(C)CCO,OC[C@@H](O)[C@@H](O)[C@H](O)C(=O)CO,1:1,20.0
CC1CCC(C(C1)O)C(C)C,CCCCCCCC(=O)O,0.50:0.50,-4.5
C(#N)[S-].[K+],C1CCC(=O)NCC1,0.67:0.33,166.67
C[N+](C)(C)CCO.[Cl-],CCCCCCCCCCCCCC(=O)O,0.15:0.85,43.88
CC1=CC(=C(C=C1)C(C)C)O,CCCCCCCCCCCC(=O)O,0.70:0.30,33.81
C[N+](C)(C)CCO.[Cl-],C1C(C(C(C(O1)(CO)O)O)O)O,0.33:0.67,202.15
C[N+](C)(C)CC(=O)[O-],C(C(=O)O)O,0.33:0.67,-36
C[N+](C)(C)CCO.[Cl-],C(C(CO)O)O,0.33:0.67,-32.65
CCCC[P+](C1=CC=CC=C1)(C2=CC=CC=C2)C3=CC=CC=C3.[Br-],C(CO)O,0.08:0.92,-90.64
C[N+](C)(C)CCO.[Cl-],CC(=O)CCC(=O)O,0.25:0.75,-11.15
C[N+](C)(C)CCO.[Cl-],C(COCCOCCO)O,0.17:0.83,-9.19
CCC[N+](CCC)(CCC)CCC.[Cl-],CCCCCCCCCC(=O)O,0.20:0.80,31.03
C[N+](C)(C)CC(=O)[O-],CC1CCC(C(C1)O)C(C)C,0.20:0.80,39.15
C[N+](C)(C)CC(=O)[O-],C(=O)(N)N,0.40:0.60,113.15
[Br-].C[P+](c1ccccc1)(c2ccccc2)c3ccccc3,OCC(O)CO,1:1.75,-4.03
C[N+](C)(C)CCO.[Cl-],C(C(CO)O)O,0.40:0.60,13
C[N+](C)(C)CCO.[Cl-],C(CO)O,0.25:0.75,-7.96
CC(N(C)C)C(O)=O,OC(=O)CC(O)(CC(O)=O)C(O)=O,1:1.5,48.0
[Cl-].CCCC[N+](CCCC)(CCCC)CCCC,OCC(O)CO,1:5,-42.78
[Cl-].C[N+](C)(C)CCO,Oc1ccccc1,119:881,6.15
[Br-].C[P+](c1ccccc1)(c2ccccc2)c3ccccc3,OCC(O)CO,2:1,80.43
C[N+](C)(C)CC(=O)[O-],C(=O)(C(=O)O)O.O.O,0.33:0.67,-34.7
CC1CCC(C(C1)O)C(C)C,CC1=CC(=C(C=C1)C(C)C)O,0.90:0.10,31.25
[Cl-].C[N+](C)(C)CCO,Cc1ccccc1O,357:643,22.15
CC[NH2+]C.[Br-],C(C(CO)O)O,0.33:0.67,-6
CC1CCC(C(C1)O)C(C)C,CCCCCCCCCCCC(=O)O,0.40:0.60,33.5
C[N+](C)(C)CCO.[Cl-],CCCCCCCCCCCCCCCCCCO,0.20:0.80,58.43
C[N+](C)(C)CC(=O)[O-],C1=COC(=C1)C(=O)O,0.33:0.67,39
[Br-].C[P+](c1ccccc1)(c2ccccc2)c3ccccc3,OCC(O)CO,1:1.5,43.56
CCCC[N+](CCCC)(CCCC)CCCC.[Br-],CCCCCCCCCCCCCC(=O)O,0.60:0.40,25.35
C[N+](C)(C)CCO.[Cl-],CC1=C(C(=CC=C1)O)C,0.17:0.83,51.85
C[N+](C)(C)CCO.[Cl-],C(C(C(C(C(CO)O)O)O)O)O,0.50:0.50,15
C1CC(NC1)C(=O)O,C(C(=O)O)O,0.25:0.75,-9
CC(N(C)C)C(O)=O,OC(=O)Cc1ccccc1,1:2,-7.0
CCCC[N+](CCCC)(CCCC)CCCC.[Br-],C(CO)O,0.25:0.75,-31.87
C[N+](C)(C)CC(=O)[O-],C1=CC=C(C=C1)C(C(=O)O)O,0.50:0.50,48
C[N+](C)(C)CCO.[Cl-],C1=CN=CN1,0.10:0.90,68.84
O.O.O.O.O.O.[Cl-].[Cl-].[Ca+2],C[N+](C)(C)CCO.[Cl-],0.90:0.10,24.1
CC1CCC(C(C1)O)C(C)C,CC1=CC(=C(C=C1)C(C)C)O,0.65:0.35,-9.25
C[N+](C)(C)CC1=CC=CC=C1.[Cl-],CC1=CC=C(C=C1)S(=O)(=O)O,0.60:0.40,16.87
CC(N(C)C)C(O)=O,OC(=O)c1ccc(Cl)cc1,1:1.5,28.0
Cl[Zn]Cl,CCN(CC)OCC.Cl ,0.75:0.25,37.32
CCCC[N+](CCCC)(CCCC)CCCC.[Br-],C(C(=O)O)C(=O)O,0.50:0.50,-17.8
CC(N(C)C)C(O)=O,OC(=O)c1occc1,1:2,11.0
C[N+](C)(C)CCO.[Cl-],CCCCCCCCCCCCCCO,0.50:0.50,140.93
[Cl-].CCCC[N+](CCCC)(CCCC)CCCC,OCCOCCOCCO,3:1,-12.69
C[N+](C)(C)CC1=CC=CC=C1.[Cl-],CC1=CC=C(C=C1)S(=O)(=O)O,0.50:0.50,14.4
C[N+](C)(C)CCO.[Cl-],CC1CCC(C(C1)O)C(C)C,0.50:0.50,61.95
CC[N+](CC)(CC)CC1=CC=CC=C1.[Cl-],CC(C(=O)O)O,0.25:0.75,-24.72
C[N+](C)(C)CCO.[Cl-],C1=CC(=CC(=C1)O)O,0.20:0.80,87
CCCCCCCCCC(=O)O,CCCCCCCCCCCC(=O)O,0.60:0.40,23.16
C[N+](C)(C)CCO.[Cl-],C(C(C(CO)O)O)O,0.50:0.50,-16
CC[NH2+]C.[Cl-],C(=O)(C(F)(F)F)N,0.40:0.60,30
[Cl-].C(c1ccccc1)[P+](c2ccccc2)(c3ccccc3)c4ccccc4,OCC(O)CO,1:2,55.76
C[N+](C)(C)CC(=O)[O-],CC1CCC(C(C1)O)C(C)C,0.30:0.70,42.05
CC1CCC(C(C1)O)C(C)C,CCCCCCCC(=O)O,0.20:0.80,8.27
C(#N)[S-].[NH4+],C1CCC(=O)NCC1,0.20:0.80,-1.754
C[N+](C)(C)CC1=CC=CC=C1.[Cl-],CC1=CC=C(C=C1)S(=O)(=O)O,0.40:0.60,3.08
CCCC[N+](CCCC)(CCCC)CCCC.[Br-],C(CO)N,0.20:0.80,-17.7
C[N+](C)(C)CC(=O)[O-],C1=CC=C(C=C1)C(=O)O,0.33:0.67,28
C[N+](C)(C)CCO.[Cl-],CCCCCCCCCCCC(=O)O,0.50:0.50,100.6
Cl[Zn]Cl,C(CO)O,0.25:0.75,-23
C1CC(NC1)C(=O)O,CC1=CC(=C(C=C1)C(C)C)O,0.13:0.88,-12
CCCC[N+](CCCC)(CCCC)CCCC.[Br-],C(C(CO)O)O,0.33:0.67,-6
CC1CCC(C(C1)O)C(C)C,CCCCCCCCCCCCCC(=O)O,0.20:0.80,49.69
[Br-].C[P+](c1ccccc1)(c2ccccc2)c3ccccc3,NC(=O)C(F)(F)F,2:0.75,77.04
Cl[Zn]Cl,CC[P+](C1=CC=CC=C1)(C2=CC=CC=C2)C3=CC=CC=C3.[Br-],0.86:0.14,72.14
CCCC[N+](CCCC)(CCCC)CCCC.[Br-],C(CO)N(CCO)CCO,0.25:0.75,-76
CCCCCCCCP(=O)(CCCCCCCC)CCCCCCCC,CC1=CC(=C(C=C1)C(C)C)O,0.60:0.40,30.18
CC(N(C)C)C(O)=O,OC(=O)c1ccccc1O,1:1.5,63.0
[Cl-].C[N+](C)(C)CCO,OC[C@@H](O)[C@@H](O)[C@H](O)C(=O)CO,2.5:1,37.0
CCCC[N+](CCCC)(CCCC)CCCC.[Br-],CC(=O)CCC(=O)O,0.20:0.80,0.4
C[N+](C)(C)CCO.[Cl-],CCCCCCCCCC(=O)O,0.75:0.25,180.55
C[P+](C1=CC=CC=C1)(C2=CC=CC=C2)C3=CC=CC=C3.[Br-],C(C(CO)O)O,0.20:0.80,15.6
[Br-].C[P+](c1ccccc1)(c2ccccc2)c3ccccc3,NC(=O)C(F)(F)F,1:3,-31.79
[Cl-].C[N+](C)(C)CCO,Cc1ccccc1O,227:273,75.15
C[N+](C)(C)CCO.[Cl-],CC1=CC(=C(C=C1)C(C)C)O,0.90:0.10,244.85
CCCC[N+](CCCC)(CCCC)CCCC.[Br-],C(COCCOCCO)O,0.25:0.75,-13
CCCC[N+](CCCC)(CCCC)CCCC.[Br-],C(CO)N,0.17:0.83,-15.55
[Cl-].C[N+](C)(C)CCO,Cc1ccccc1O,83:417,-21.75
C(#N)[S-].[NH4+],C1CCC(=O)NCC1,0.33:0.67,0.877
C[P+](C1=CC=CC=C1)(C2=CC=CC=C2)C3=CC=CC=C3.[Br-],C(=O)(C(F)(F)F)N,0.71:0.29,77.04
CC1CCC(C(C1)O)C(C)C,CC(C1CCCCC1)C(=O)O,0.90:0.10,35.032
CCCCCCCCCC(=O)O,C1=CC=C(C=C1)CCC(=O)O,0.70:0.30,20.02
[Cl-].C(c1ccccc1)[P+](c2ccccc2)(c3ccccc3)c4ccccc4,OCC(O)CO,1:8,61.24
C[N+](C)(C)CCO.[Cl-],CCCCCCCCCCCCCC(=O)O,0.90:0.10,263.55
C[N+](C)(C)CCO.[Cl-],CC1=CC(=C(C=C1)C(C)C)O,0.30:0.70,54.25
C[N+](C)(C)CCO.[Cl-],C1=CC=C2C(=C1)C=CC(=O)O2,0.40:0.60,69
C[N+](C)(C)CC(=O)[O-],C(=O)(N)N,0.20:0.80,86.15
C1=CC=C(C=C1)C[P+](C2=CC=CC=C2)(C3=CC=CC=C3)C4=CC=CC=C4.[Cl-],C(C(CO)O)O,0.33:0.67,55.76
[Br-].C[P+](c1ccccc1)(c2ccccc2)c3ccccc3,OCC(O)CO,1:1,75.60
C(#N)[S-].[K+],C1CCC(=O)NCC1,0.75:0.25,171.05
C[N+](C)(C)CCO.[Cl-],C1C(C(C(C(O1)(CO)O)O)O)O,0.50:0.50,33
C[N+](C)(C)CCO.[Cl-],CCCCCCCCCCCCCCO,0.10:0.90,37.77
C[P+](C1=CC=CC=C1)(C2=CC=CC=C2)C3=CC=CC=C3.[Br-],C(COCCOCCO)O,0.20:0.80,-18.17
CCCC[N+](CCCC)(CCCC)CCCC.[Br-],C(=O)(C(=O)O)O,0.50:0.50,-22.16
Br[Zn]Br,C[N+](C)(C)CCO.[Cl-],0.67:0.33,38
Cl[Fe](Cl)Cl,C[N+](C)(C)CCO.[Cl-],0.67:0.33,21
CC1CCC(C(C1)O)C(C)C,CCCCCCCCCC(=O)O,0.50:0.50,13.69
[Br-].C[P+](c1ccccc1)(c2ccccc2)c3ccccc3,NC(=O)C(F)(F)F,1:10,-67.034
C[N+](C)(C)CCO.[Cl-],CC(=O)CCC(=O)O,0.11:0.89,-9.95
[Cl-].C(c1ccccc1)[P+](c2ccccc2)(c3ccccc3)c4ccccc4,NC(=O)C(F)(F)F,1:2,133.77
[B-](F)(F)(F)F.CC[N+](CC)(CC)CC1=CC=CC=C1,C(=O)(N)N,0.33:0.67,59
CC1CCC(C(C1)O)C(C)C,CCCCCCCCCC(=O)O,0.25:0.75,24.53
[Br-].C[P+](c1ccccc1)(c2ccccc2)c3ccccc3,OCCO,1:2,-43.12
[Cl-].C[N+](C)(C)CCO,Oc1ccccc1,2:3,21.05
[Cl-].C[N+](C)(C)CCO,Cc1ccccc1O,91:909,9.85
C[N+](C)(C)CC(=O)[O-],CC1=CC(=C(C=C1)C(C)C)O,0.40:0.60,55.35
C[P+](C1=CC=CC=C1)(C2=CC=CC=C2)C3=CC=CC=C3.[Br-],C(=O)(C(F)(F)F)N,0.11:0.89,-69
CC[N+](CC)(CC)CC1=CC=CC=C1.[Cl-],C(C(=O)O)C(CC(=O)O)(C(=O)O)O,0.50:0.50,26
CC1CCC(C(C1)O)C(C)C,CCCCCCCCCC(=O)O,0.80:0.20,20.31
C(#N)[S-].[NH4+],C1CCC(=O)NCC1,0.25:0.75,-10.15
CCCC[N+](CCCC)(CCCC)CCCC.[Br-],C(CC(C(=O)O)N)CN=C(N)N,0.14:0.86,25.07
C[N+](C)(C)CCO.[Cl-],C1=CN=CN1,0.20:0.80,65.4
CCCC[N+](CCCC)(CCCC)CCCC.[Br-],C(COCCOCCO)O,0.50:0.50,14.09
[Cl-].CCCC[N+](CCCC)(CCCC)CCCC,OCCO,1:4,-16.84
C[N+](C)(C)CCO.[Cl-],C(CC(=O)O)C(C(=O)O)N,0.33:0.67,-34.55
C[N+](C)(C)CCO.[Cl-],C(COCCOCCO)O,0.20:0.80,0.5
CC1CCC(C(C1)O)C(C)C,CCCCCCCCCCCCCC(=O)O,0.30:0.70,46.59
[Br-].C[P+](c1ccccc1)(c2ccccc2)c3ccccc3,OCCO,1:1,78.93
C[N+](C)(C)CCO.[Cl-],CCCCCCCCCCCCCCO,0.86:0.14,221.63
C[N+](C)(C)CCO.[Cl-],C1=CC=C2C(=C1)C=CC(=O)O2,0.80:0.20,63.45
C[N+](C)(C)CC(=O)[O-],C1=CC=C(C(=C1)C(=O)O)O,0.60:0.40,87.65
[Br-].C[P+](c1ccccc1)(c2ccccc2)c3ccccc3,OCC(O)CO,1:1.2,54.70
C[N+](C)(C)CC(=O)[O-],C(C(=O)O)O,0.40:0.60,-26.77
C[N+](C)(C)CCO.[Cl-],C(CCC(=O)O)CC(=O)O,0.50:0.50,85
C[P+](C1=CC=CC=C1)(C2=CC=CC=C2)C3=CC=CC=C3.[Br-],C(COCCOCCO)O,0.17:0.83,-21
C[N+](C)(C)CCO.[Cl-],C1=CC=C2C(=C1)C=CC(=O)O2,0.20:0.80,52
CCCCCCCCCC(=O)O,CCCCCCCCCCCC(=O)O,0.50:0.50,25.91
C[N+](C)(C)CC(=O)[O-],CC1=CC(=C(C=C1)C(C)C)O,0.60:0.40,153.25
CC1CCC(C(C1)O)C(C)C,CCCCCCCCCCCCCC(=O)O,0.10:0.90,51.82
CC[N+](CC)(CC)CC1=CC=CC=C1.[Cl-],CC(O)=O,0.33:0.67,-20
CCCC[N+](CCCC)(CCCC)CCCC.[Br-],C(CC(C(=O)O)N)CN=C(N)N,0.11:0.89,26.16
C[N+](C)(C)CCO.[Cl-],C(=O)(C(=O)O)O,0.33:0.67,48
C[N+](C)(C)CCO.[Cl-],C1=CC=C(C=C1)C(=O)N,0.33:0.67,92
C[N+](C)(C)CCO.[Cl-],C1=COC(=C1)CO,0.25:0.75,-35.75
C[N+](C)(C)CCO.[Cl-],C(=S)(N)N,0.33:0.67,-40
C=CC[P+](C1=CC=CC=C1)(C2=CC=CC=C2)C3=CC=CC=C3.[Br-],C(COCCOCCO)O ,0.08:0.92,-19.52
CC1CCC(C(C1)O)C(C)C,CCCCCCCCCC(=O)O,0.50:0.50,13.05
C(#N)[S-].[NH4+],C(C(CO)O)O,0.20:0.80,-59.55
C[N+](C)(C)CCO.[Cl-],C(CN)N,0.33:0.67,24
C[N+](C)(C)CCO.[Cl-],C1=CN=CN1,0.30:0.70,56.12
[Cl-].C[N+](C)(C)CCO,OC[C@@H](O)[C@@H](O)[C@H](O)C(=O)CO,1.5:1,13.0
[Cl-].C[N+](C)(C)CCO,Cc1ccccc1O,1:3,-23.75
CC1CCC(C(C1)O)C(C)C,CCCCCCCC(=O)O,0.70:0.30,12.72
C[N+](C)(C)CCO.[Cl-],CC1=C(C(=CC=C1)O)C,0.25:0.75,17.65
[Br-].C[P+](c1ccccc1)(c2ccccc2)c3ccccc3,NC(=O)C(F)(F)F,1:14,-66.78
CC(N(C)C)C(O)=O,OC(C(O)=O)c1ccccc1,1:1,13.0
CC[NH2+]C.[Cl-],C(=O)(N)N,0.40:0.60,32
Cl[Zn]Cl,C(=O)(N)N,0.20:0.80,-30
C1=CC=C(C=C1)C[P+](C2=CC=CC=C2)(C3=CC=CC=C3)C4=CC=CC=C4.[Cl-],C(CO)O,0.33:0.67,49.02
C[N+](C)(C)CCO.[Cl-],CC(=O)CCC(=O)O,0.20:0.80,-10.15
C[N+](C)(C)CCO.[Cl-],C(C(C(CO)O)O)O,0.60:0.40,-8
[Br-].C[P+](c1ccccc1)(c2ccccc2)c3ccccc3,NC(=O)C(F)(F)F,1:1.5,58.40
CC(C)(C)NCCO.Cl,C(CO)O,0.25:0.75,-24.19
CC1CCC(C(C1)O)C(C)C,CCCCCCCC(=O)O,0.10:0.90,11.61
[Cl-].CCCC[N+](CCCC)(CCCC)CCCC,OCC(O)CO,1:3,-41.64
CC1CCC(C(C1)O)C(C)C,CCCCCCCCCCCCCC(=O)O,0.90:0.10,33.2
C[N+](C)(C)CCO.[Cl-],C(CO)O,0.17:0.83,0
[Cl-].C(c1ccccc1)[P+](c2ccccc2)(c3ccccc3)c4ccccc4,NC(=O)C(F)(F)F,1:5,129.90
Br[Zn]Br,CC(=O)[O-].C[N+](C)(C)CCO,0.67:0.33,48
C[N+](C)(C)CCO.[Cl-],CCCCCCCCCCCCCCO,0.75:0.25,183.43
CC1CCC(C(C1)O)C(C)C,CC1=CC(=C(C=C1)C(C)C)O,0.46:0.54,-7.75
[Cl-].C[N+](C)(C)CCO,OC[C@@H](O)[C@@H](O)[C@H](O)C(=O)CO,2:1,10.0
CCCCCCCCP(=O)(CCCCCCCC)CCCCCCCC,CCCCCCCCCC(=O)O,0.40:0.60,-11.37
C[N+](C)(C)CCO.[Cl-],CCCCC(=O)O,0.33:0.67,22
CCCC[N+](CCCC)(CCCC)CCCC.[Br-],CCCCCCCCCCCCCCCCCCO,0.40:0.60,39.85
C[N+](C)(C)CCO.[Cl-],C1C(C(C(C(O1)(CO)O)O)O)O,0.71:0.29,20
C[N+](C)(C)CCO.[Cl-],C(CO)N,0.13:0.88,-10
[Cl-].C(c1ccccc1)[P+](c2ccccc2)(c3ccccc3)c4ccccc4,NC(=O)C(F)(F)F,1:1,114.43
CCCC[N+](CCCC)(CCCC)CCCC.[Br-],C(CC#N)C#N,0.11:0.89,4
CC1CCC(C(C1)O)C(C)C,CCCCCCCCCCCC(=O)O,0.30:0.70,35.04
[Cl-].C[N+](C)(C)CCO,Oc1ccccc1,167:833,-17.55
CCCCCCCCCC(=O)O,C1=CC=C(C=C1)CCC(=O)O,0.60:0.40,14.94
C(#N)[S-].[K+],CC(=O)N,0.33:0.67,60.25
C[N+](C)(C)CCO.[Cl-],C1=CC(=CC=C1C(=O)O)O,0.67:0.33,87
C[N+](C)(C)CCO.[Cl-],C(COCCOCCO)O,0.33:0.67,-12.69
CCCCCCCCP(=O)(CCCCCCCC)CCCCCCCC,CC1=CC(=C(C=C1)C(C)C)O,0.80:0.20,40.62
[Cl-].C[N+](C)(C)CCO,Oc1ccccc1,1:9,24.35
C(#N)[S-].[NH4+],CC(=O)N,0.40:0.60,23.85
C(#N)[S-].[K+],C(C(CO)O)O,0.40:0.60,9.45
CC[NH2+]C.[Br-],C(C(CO)O)O,0.29:0.71,-10
C[N+](C)(C)CCO.[Cl-],C(CO)O,0.36:0.64,4.15
C[N+](C)(C)CC(=O)[O-],C1=CC=C(C(=C1)C(=O)O)Cl,0.40:0.60,-56
C[N+](C)(C)CCO.[Cl-],CCCCCCCCCC(=O)O,0.29:0.71,55.6
C[N+](C)(C)CCO.[Cl-],C(C(C(C(CO)O)O)O)O,0.33:0.67,7
C[N+](C)(C)CCO.[Cl-],C(CO)O,0.33:0.67,-36.98
CC1CCC(C(C1)O)C(C)C,CCCCCCCCCCCC(=O)O,0.50:0.50,27.97
C1CC(NC1)C(=O)O,C(COCCO)O,0.25:0.75,-49
C[P+](C1=CC=CC=C1)(C2=CC=CC=C2)C3=CC=CC=C3.[Br-],C(=O)(C(F)(F)F)N,0.25:0.75,-31.79
[Cl-].C(c1ccccc1)[P+](c2ccccc2)(c3ccccc3)c4ccccc4,OCCO,1:3,47.91
C(#N)[S-].[K+],CC(=O)N,0.67:0.33,141.992
O.O.O.O.O.O.Cl[Mg]Cl,C[N+](C)(C)CCO.[Cl-],0.67:0.33,10
[Br-].C[P+](c1ccccc1)(c2ccccc2)c3ccccc3,NC(=O)C(F)(F)F,1:8,-69.29
CC[NH2+]C.[Br-],C(C(CO)O)O,0.60:0.40,-5
C[N+](C)(C)CCO.[Cl-],C1C(C(C(C(O1)(CO)O)O)O)O,0.40:0.60,36
CCC[N+](CCC)(CCC)CCC.[Cl-],CCCCCCCCCC(=O)O,0.10:0.90,31.64
C1=CC=C(C=C1)C[P+](C2=CC=CC=C2)(C3=CC=CC=C3)C4=CC=CC=C4.[Cl-],C(C(CO)O)O,0.06:0.94,-22
C[N+](C)(C)CC(=O)[O-],C(=O)(N)N,0.80:0.20,217.25
C[N+](C)(C)CC(=O)[O-],CCCCCCCCCCCCCCCCCCO,0.40:0.60,71.05
CCCC[N+](CCCC)(CCCC)CCCC.[Br-],C(C(C(=O)O)N)C(=O)O,0.08:0.92,31.78
CCCC[N+](CCCC)(CCCC)CCCC.[Br-],C(CC#N)C#N,0.09:0.91,14
C[N+](C)(C)CCO.[Cl-],COC1=C(C=CC(=C1)C=O)O,0.33:0.67,17
CCCCCCCCP(=O)(CCCCCCCC)CCCCCCCC,CC1=CC(=C(C=C1)C(C)C)O,0.50:0.50,6.47
C[N+](C)(C)CCO.[Cl-],C1=CC=C(C(=C1)C(=O)O)O,0.60:0.40,120.45
CC1CCC(C(C1)O)C(C)C,CC(C1CCCCC1)C(=O)O,0.70:0.30,16.04
CCCCCCCCCC(=O)O,C1=CC=C(C=C1)CCC(=O)O,0.40:0.60,22.63
C[P+](C1=CC=CC=C1)(C2=CC=CC=C2)C3=CC=CC=C3.[Br-],C(CO)O,0.20:0.80,-49.35
C[N+](C)(C)CCO.[Cl-],C1=CC(=C(C=C1C=CC(=O)O)O)O,0.67:0.33,67
Cl[Zn]Cl,C[N+](C)(C)CCO.[Cl-],0.50:0.50,41.62
CC1CCC(C(C1)O)C(C)C,CC1=CC(=C(C=C1)C(C)C)O,0.40:0.60,5.15
CCCCCCCCCC(=O)O,CCCCCCCCCCCC(=O)O,0.80:0.20,25
C[N+](C)(C)CCO.[Cl-],CCCCCCCCCCCCCCO,0.60:0.40,80.03
C[N+](C)(C)CCO.[Cl-],C(CCCC(=O)O)CCC(=O)O,0.50:0.50,90
C[P+](C1=CC=CC=C1)(C2=CC=CC=C2)C3=CC=CC=C3.[Br-],C(C(CO)O)O,0.33:0.67,54.7
Cl[Zn]Cl,CCCC[N+](CCCC)(CCCC)CCCC.[Br-],0.67:0.33,67.8
CCCC[N+](CCCC)(CCCC)CCCC.[Br-],C(CC#N)C#N,0.05:0.95,34
C[N+](C)(C)CC(=O)[O-],C1=CC=C(C=C1)CC(=O)O,0.33:0.67,33
CC1CCC(C(C1)O)C(C)C,CC1=CC(=C(C=C1)C(C)C)O,0.20:0.80,35.15
[Cl-].CC(=O)OCC[N+](C)(C)C,[nH]1ccnc1,1:2,-63.19
CCCCCCCCP(=O)(CCCCCCCC)CCCCCCCC,CCCCCCCCCCCC(=O)O,0.10:0.90,52.35
[Cl-].C[N+](C)(C)CCO,Oc1ccccc1,227:273,62.05
C[N+](C)(C)CCO.[Cl-],CCCCCCCCCCCCCCCCCCO,0.90:0.10,237.03
[Cl-].C[N+](C)(C)CCO,Cc1cccc(O)c1C,1:3,17.65
C[N+](C)(C)CCO.[Cl-],CCCCCCCCCCCCCCCCCCO,0.60:0.40,66.33
CCCC[N+](CCCC)(CCCC)CCCC.[Br-],C(CO)N,0.25:0.75,-8
C[N+](C)(C)CCO.[Cl-],C(C(C(CO)O)O)O,0.40:0.60,29
CCCCCCCCP(=O)(CCCCCCCC)CCCCCCCC,CC1=CC(=C(C=C1)C(C)C)O,0.30:0.70,-13.15
[Cl-].C[N+](C)(C)CCO,Oc1ccccc1,1:4,-12.95
[Cl-].CCC[N+](CCC)(CCC)Cc1ccccc1,CC(O)C(O)=O,1:3,-56.29
CC1CCC(C(C1)O)C(C)C,CC(C1CCCCC1)C(=O)O,0.60:0.40,2.305
C[N+](C)(C)CC(=O)[O-],C(C(=O)O)O,0.50:0.50,-15.16
C[N+](C)(C)CCO.[Cl-],CC1CCC(C(C1)O)C(C)C,0.70:0.30,145.35
CCCC[N+](CCCC)(CCCC)CCCC.[Br-],CCCCCCCCCCCCCCCCCCO,0.80:0.20,58.15
C[N+](C)(C)CCO.[Cl-],C(CCO)CO,0.33:0.67,49.13
C[N+](C)(C)CCO.[Cl-],CCCCCCCCCCCC(=O)O,0.20:0.80,40.05
C[N+](C)(C)CCO.[Cl-],CC1CCC(C(C1)O)C(C)C,0.90:0.10,256.15
C(#N)[S-].[NH4+],C(=O)(N)N,0.75:0.25,95.6
C[P+](C1=CC=CC=C1)(C2=CC=CC=C2)C3=CC=CC=C3.[Br-],C(C(CO)O)O,0.40:0.60,43.56
C[N+](C)(C)CCO.[Cl-],CCCCCCCCCC(=O)O,0.85:0.15,226.65
CC1CCC(C(C1)O)C(C)C,CCCCCCCCCC(=O)O,0.65:0.35,7.46
C[N+](C)(C)CCO.[Cl-],CCCCCCCCCCCCCCCCCCO,0.40:0.60,56.83
C[N+](C)(C)CCO.[Cl-],C1=CC=C(C(=C1)C(=O)O)O,0.40:0.60,79.55
CCCC[N+](CCCC)(CCCC)CCCC.[Br-],C(=O)(N)N,0.80:0.20,27.14
C[N+](C)(C)CCO.[Cl-],CCCCCCCCCCCCCCCCCCO,0.33:0.67,71.67
C(#N)[S-].[K+],CC(=O)N,0.75:0.25,149.9
C[P+](C1=CC=CC=C1)(C2=CC=CC=C2)C3=CC=CC=C3.[Br-],C(=O)(C(F)(F)F)N,0.11:0.89,-69.29
C[N+](C)(C)CCO.[Cl-],C(CCO)CO,0.70:0.30,98.3
CC1CCC(C(C1)O)C(C)C,CCCCCCCCCCCCCC(=O)O,0.70:0.30,30.61
CCCCCCCCP(=O)(CCCCCCCC)CCCCCCCC,CCCCCCCCCCCC(=O)O,0.50:0.50,16.78
C[N+](C)(C)CCO.[Cl-],C1=CC=C(C=C1)C(=O)O,0.33:0.67,78
CCCC[N+](CCCC)(CCCC)CCCC.[Br-],CCCCCCCCCCCCCC(=O)O,0.20:0.80,41.35
[Cl-].C(c1ccccc1)[P+](c2ccccc2)(c3ccccc3)c4ccccc4,OCCO,1:2,49.02
C=CC[P+](C1=CC=CC=C1)(C2=CC=CC=C2)C3=CC=CC=C3.[Br-],C(C(CO)O)O,0.07:0.93,-23.76
CCCC[N+](CCCC)(CCCC)CCCC.[Br-],C(CC(=O)O)C(C(=O)O)N,0.09:0.91,28.86
C[N+](C)(C)CCO.[Cl-],C(CCO)CO,0.90:0.10,240
C[N+](C)(C)CCO.[Cl-],C1=CN=CN1,0.40:0.60,82.83
CCCCCCCCP(=O)(CCCCCCCC)CCCCCCCC,CC1=CC(=C(C=C1)C(C)C)O,0.20:0.80,3.09
C[N+](C)(C)CC1=CC=CC=C1.[Cl-],C(=O)(N)N,0.33:0.67,26
CC1CCC(C(C1)O)C(C)C,CCCCCCCCCC(=O)O,0.30:0.70,21.27
C(#N)[S-].[K+],C1CCC(=O)NCC1,0.33:0.67,48.25
CC1CCC(C(C1)O)C(C)C,CCCCCCCCCC(=O)O,0.10:0.90,28.61
[Br-].C[P+](c1ccccc1)(c2ccccc2)c3ccccc3,OCCO,1:1.5,49.27
C[N+](C)(C)CCO.[Cl-],CC1CCC(C(C1)O)C(C)C,0.30:0.70,42.55
C[N+](C)(C)CCO.[Cl-],C=C(CC(=O)O)C(=O)O,0.50:0.50,57
C[N+](C)(C)CCO.[Cl-],C1=CC=C(C=C1)N,0.33:0.67,44
C[N+](C)(C)CCO.[Cl-],CCCCCCCCCCCCCCCCCCO,0.67:0.33,183.6
CCC[N+](CCC)(CCC)CCC.[Cl-],CCCCCCCCCC(=O)O,0.25:0.75,24
C1CC(NC1)C(=O)O,C(C(CO)O)O,0.25:0.75,-31
Cl[Zn]Cl,C[N+](C)(C)CCO.[Cl-],0.67:0.33,24
C[N+](C)(C)CCO.[Cl-],C(CO)O,0.29:0.71,-35.98
C[N+](C)(C)CC(=O)[O-],C1=CC=C(C(=C1)C(=O)O)O,0.40:0.60,-7
[Cl-].C(c1ccccc1)[P+](c2ccccc2)(c3ccccc3)c4ccccc4,OCCO,2:1,151.17
C[N+](C)(C)CCO.[Cl-],CC1=CC(=C(C=C1)C(C)C)O,0.33:0.67,67
[Cl-].C[N+](C)(C)CCO,NC(N)=O,1:2,12.70
[Cl-].C[N+](C)(C)CCO,Cc1cccc(O)c1C,2:3,57.35
CC1CCC(C(C1)O)C(C)C,CCCCCCCCCC(=O)O,0.10:0.90,30.59
C(#N)[S-].[NH4+],C(=O)(N)N,0.60:0.40,88.6
C1=CC=C(C=C1)C[P+](C2=CC=CC=C2)(C3=CC=CC=C3)C4=CC=CC=C4.[Cl-],C(C(CO)O)O,0.17:0.83,50.36
C[N+](C)(C)CCO.[Cl-],CCCCCCCCCCCCCC(=O)O,0.60:0.40,101.38
C[N+](C)(C)CCO.[Cl-],C(C1C(C(C(C(O1)O)O)O)O)O,0.67:0.33,31
C(#N)[S-].[NH4+],C1CCC(=O)NCC1,0.75:0.25,136.84
[Br-].C[P+](c1ccccc1)(c2ccccc2)c3ccccc3,OCCO,1:1.75,15.65
C[N+](C)(C)CCO.[Cl-],CC1CCC(C(C1)O)C(C)C,0.40:0.60,43.15
O.O.O.O.O.O.[Cl-].[Cl-].[Ca+2],C[N+](C)(C)CCO.[Cl-],0.80:0.20,16.8
CC(C)(C)NCCO.Cl,C(C(CO)O)O,0.20:0.80,2
C[P+](C1=CC=CC=C1)(C2=CC=CC=C2)C3=CC=CC=C3.[Br-],C(C(CO)O)O,0.67:0.33,80.43
CCCC[N+](CCCC)(CCCC)CCCC.[Br-],C(C(CO)O)O,0.40:0.60,-3
CCCCCCCCCC(=O)O,C1=CC=C(C=C1)CCC(=O)O,0.80:0.20,23.23
CC[N+](CC)(CC)CC1=CC=CC=C1.[Cl-],C(=O)(N)N,0.33:0.67,36
CCCC[N+](CCCC)(CCCC)CCCC.[Br-],C(C(CO)O)O,0.20:0.80,-24
C[N+](C)(C)CCO.[Cl-],C1=CC=C(C(=C1)C(=O)O)O,0.80:0.20,232.55
[Cl-].C[N+](C)(C)CCO,Cc1cccc(O)c1C,1:4,43.15
C(#N)[S-].[K+],CC(=O)N,0.50:0.50,118.26
C(#N)[S-].[NH4+],CC(=O)N,0.75:0.25,102.63
CCCCCCCCCC(=O)O,C1=CC=C(C=C1)CCC(=O)O,0.45:0.55,18.32
CC1CCC(C(C1)O)C(C)C,CCCCCCCCCCCC(=O)O,0.50:0.50,29.16
[Cl-].CCCC[N+](CCCC)(CCCC)CCCC,OCCO,1:3,-30.89
[Cl-].C[N+](C)(C)CCO,Oc1ccccc1,1:3,-20.05
C[N+](C)(C)CC(=O)[O-],C1=CC=C(C(=C1)C(=O)O)O,0.40:0.60,86.55
CC1=CC(=C(C=C1)C(C)C)O,CCCCCCCCCCCC(=O)O,0.30:0.70,36.21
C[N+](C)(C)CC(CC(=O)O)O,C(=O)(N)N,0.33:0.67,74
C(#N)[S-].[K+],C1CCC(=O)NCC1,0.25:0.75,0.877
C[N+](C)(C)CCO.[Cl-],C(C1C(C(C(C(O1)O)O)O)O)O,0.50:0.50,37
C[N+](C)(C)CCO.[Cl-],C(=O)(N)N,0.33:0.67,12
C[N+](C)(C)CCO.[Cl-],C1=CC(=CC(=C1)O)O,0.50:0.50,6
[Cl-].C[N+](C)(C)CCO,Cc1ccccc1O,399:601,48.65
[Cl-].C[N+](C)(C)CCO,Cc1cccc(O)c1C,1:9,66.65
C[N+](C)(C)CCO.[Cl-],CCCCCCCCCCCCCC(=O)O,0.70:0.30,156.38
C[N+](C)(C)CCO.[Cl-],C(C(=O)O)C(=O)O,0.50:0.50,10
CC1CCC(C(C1)O)C(C)C,CCCCCCCCCCCC(=O)O,0.60:0.40,23.02
C[N+](C)(C)CC(=O)[O-],CC1CCC(C(C1)O)C(C)C,0.70:0.30,174.35
C[N+](C)(C)CCO.[Cl-],C1C(C(C(C(O1)(CO)O)O)O)O,0.67:0.33,28
CCCC[N+](CCCC)(CCCC)CCCC.[Br-],CCCCCCCCCCCCCC(=O)O,0.80:0.20,48.75
C1=CC=C2C(=C1)C=CC(=O)O2,CC1=CC(=C(C=C1)C(C)C)O,0.33:0.67,30
C[N+](C)(C)CCO.[Cl-],C(COCCOCCOCCO)O,0.29:0.71,-23.79
CCCCCCCCCC(=O)O,C1=CC=C(C=C1)CCC(=O)O,0.90:0.10,26.99
[Cl-].C(c1ccccc1)[P+](c2ccccc2)(c3ccccc3)c4ccccc4,NC(=O)C(F)(F)F,2:1,101.54
[Br-].C[P+](c1ccccc1)(c2ccccc2)c3ccccc3,NC(=O)C(F)(F)F,2:1,90.58
CC(C)(C)NCCO.Cl,C(C(CO)O)O,0.33:0.67,-1.33
[Cl-].CCCC[N+](CCCC)(CCCC)CCCC,OCCOCCOCCO,1:1,17.13
CC1CCC(C(C1)O)C(C)C,CC(C1CCCCC1)C(=O)O,0.10:0.90,10.385
[Br-].C[P+](c1ccccc1)(c2ccccc2)c3ccccc3,NC(=O)C(F)(F)F,1:1,63.65
C[N+](C)(C)CCO.[Cl-],C(C(CO)O)O,0.50:0.50,8.03
C[N+](C)(C)CCO.[Cl-],CC1CCC(C(C1)O)C(C)C,0.10:0.90,49.25
[Br-].C[P+](c1ccccc1)(c2ccccc2)c3ccccc3,NC(=O)C(F)(F)F,1:4,-49.27
CC1CCC(C(C1)O)C(C)C,CCCCCCCCCCCC(=O)O,0.20:0.80,39.47
C(#N)[S-].[NH4+],CC(=O)N,0.50:0.50,36.84
C[N+](C)(C)CC(=O)[O-],C(C(=O)O)C(CC(=O)O)(C(=O)O)O.O,0.40:0.60,74.83
CC1=CC(=C(C=C1)C(C)C)O,CCCCCCCCCCCC(=O)O,0.40:0.60,31.61
C[N+](C)(C)CCO.[Cl-],C1C(C(C(C(O1)(CO)O)O)O)O,0.29:0.71,93.55
C[N+](C)(C)CC(=O)[O-],CCCCCCCCCCCCCCCCCCO,0.20:0.80,61.65
CCCC[N+](CCCC)(CCCC)CCCC.[Br-],C(CC(=O)O)C(C(=O)O)N,0.11:0.89,30.55
C[N+](C)(C)CCO.[Cl-],C(CCO)CO,0.60:0.40,61.47
CC1CCC(C(C1)O)C(C)C,CCCCCCCC(=O)O,0.80:0.20,22.66
CC(N(C)C)C(O)=O,OCC(O)=O,1:2,-36.00
C[P+](C1=CC=CC=C1)(C2=CC=CC=C2)C3=CC=CC=C3.[Br-],C(=O)(C(F)(F)F)N,0.14:0.86,-61.99
C[N+](C)(C)CC(=O)[O-],C(C(=O)O)O,0.30:0.70,13
[Cl-].C[N+](C)(C)CCO,Cc1cccc(O)c1C,83:167,50.45
CCCCCCCCP(=O)(CCCCCCCC)CCCCCCCC,CC1=CC(=C(C=C1)C(C)C)O,0.10:0.90,39.4
CC1CCC(C(C1)O)C(C)C,CC1=CC(=C(C=C1)C(C)C)O,0.80:0.20,22.35
[Br-].C[P+](c1ccccc1)(c2ccccc2)c3ccccc3,OCCO,1:8,-3.78
C[N+](C)(C)CCO.[Cl-],C(C(C(C(CO)O)O)O)O,0.60:0.40,2
CC(N(C)C)C(O)=O,OC(=O)c1cccc(Cl)c1,1:1.5,43.0
CC1=CC(=C(C=C1)C(C)C)O,CCCCCCCCCCCC(=O)O,0.60:0.40,30.07
C(#N)[S-].[NH4+],C(=O)(N)N,0.40:0.60,23.85
C[N+](C)(C)CCO.[Cl-],C=CCNC(=O)N,0.33:0.67,9
CCCC[N+](CCCC)(CCCC)CCCC.[Br-],C(C(C(=O)O)N)C(=O)O,0.10:0.90,25.08
C[N+](C)(C)CCO.[Cl-],C1=CN=CN1,0.50:0.50,88.14
C[P+](C1=CC=CC=C1)(C2=CC=CC=C2)C3=CC=CC=C3.[Br-],C(C(CO)O)O,0.33:0.67,3.75
CC1CCC(C(C1)O)C(C)C,CCCCCCCCCCCCCC(=O)O,0.40:0.60,43.95
C[N+](C)(C)CC(=O)[O-],CC1CCC(C(C1)O)C(C)C,0.50:0.50,98.55
C[N+](C)(C)CCO.[Cl-],CCCCCCCCCCCCCC(=O)O,0.10:0.90,53.5
C[P+](C1=CC=CC=C1)(C2=CC=CC=C2)C3=CC=CC=C3.[Br-],C(=O)(C(F)(F)F)N,0.33:0.67,0
C[N+](C)(C)CCO.[Cl-],C(C(CO)O)O,0.33:0.67,77
[Cl-].CC(=O)OCC[N+](C)(C)C,[nH]1ccnc1,1:1.5,-62.22
C[N+](C)(C)CCO.[Cl-],C(=O)(N)N,0.29:0.71,30.95
CC(C)(C)NCCO.Cl,C(CO)O,0.20:0.80,-21.67
C[N+](C)(C)CCO.[Cl-],CC1=CC(=C(C(=C1)C)O)C,0.33:0.67,34
C[N+](C)(C)CCO.[Cl-],C(CO)O,0.20:0.80,3.73
C[N+](C)(C)CC(=O)[O-],C1=CC=C(C(=C1)C(=O)O)O,0.80:0.20,138.65
CCCC[N+](CCCC)(CCCC)CCCC.[Br-],CCCCCCCCCCCCO,0.33:0.67,1
